accession	tree_name	organism	isolate	strain	serotype	segment	Taxonomy_ID	tip_count
NC_026438.1	Influenza_A_virus_A_California_07_2009_H1N1_1	Influenza A virus (A/California/07/2009(H1N1))		A/California/07/2009	H1N1	1	2955291	148695
NC_026431.1	Influenza_A_virus_A_California_07_2009_H1N1_7	Influenza A virus (A/California/07/2009(H1N1))		A/California/07/2009	H1N1	7	2955291	166440
NC_026432.1	Influenza_A_virus_A_California_07_2009_H1N1_8	Influenza A virus (A/California/07/2009(H1N1))		A/California/07/2009	H1N1	8	2955291	146425
NC_026437.1	Influenza_A_virus_A_California_07_2009_H1N1_3	Influenza A virus (A/California/07/2009(H1N1))		A/California/07/2009	H1N1	3	2955291	147994
NC_026433.1	Influenza_A_virus_A_California_07_2009_H1N1_4	Influenza A virus (A/California/07/2009(H1N1))		A/California/07/2009	H1N1	4	2955291	66758
NC_026434.1	Influenza_A_virus_A_California_07_2009_H1N1_6	Influenza A virus (A/California/07/2009(H1N1))		A/California/07/2009	H1N1	6	2955291	78790
NC_026435.1	Influenza_A_virus_A_California_07_2009_H1N1_2	Influenza A virus (A/California/07/2009(H1N1))		A/California/07/2009	H1N1	2	2955291	145495
NC_026436.1	Influenza_A_virus_A_California_07_2009_H1N1_5	Influenza A virus (A/California/07/2009(H1N1))		A/California/07/2009	H1N1	5	2955291	153007
NC_004912.1	Influenza_A_virus_A_Hong_Kong_1073_99_H9N2_3	Influenza A virus (A/Hong Kong/1073/99(H9N2))	A/Hong Kong/1073/99	A/Hong Kong/1073/99		3	2955291	148149
NC_004910.1	Influenza_A_virus_A_Hong_Kong_1073_99_H9N2_1	Influenza A virus (A/Hong Kong/1073/99(H9N2))	A/Hong Kong/1073/99	A/Hong Kong/1073/99		1	2955291	148657
NC_004911.1	Influenza_A_virus_A_Hong_Kong_1073_99_H9N2_2	Influenza A virus (A/Hong Kong/1073/99(H9N2))	A/Hong Kong/1073/99	A/Hong Kong/1073/99		2	2955291	145466
NC_004909.1	Influenza_A_virus_A_Hong_Kong_1073_99_H9N2_6	Influenza A virus (A/Hong Kong/1073/99(H9N2))	A/Hong Kong/1073/99	A/Hong Kong/1073/99		6	2955291	83615
NC_004905.2	Influenza_A_virus_A_Hong_Kong_1073_99_H9N2_5	Influenza A virus (A/Hong Kong/1073/99(H9N2))		A/Hong Kong/1073/99	H9N2	5	2955291	152938
NC_004906.1	Influenza_A_virus_A_Hong_Kong_1073_99_H9N2_8	Influenza A virus (A/Hong Kong/1073/99(H9N2))		A/Hong Kong/1073/99	H9N2	8	2955291	148770
NC_004907.1	Influenza_A_virus_A_Hong_Kong_1073_99_H9N2_7	Influenza A virus (A/Hong Kong/1073/99(H9N2))		A/Hong Kong/1073/99 (H9N2)		7	2955291	166330
NC_004908.1	Influenza_A_virus_A_Hong_Kong_1073_99_H9N2_4	Influenza A virus (A/Hong Kong/1073/99(H9N2))	A/Hong Kong/1073/99	A/Hong Kong/1073/99		4	2955291	16912
NC_007375.1	Influenza_A_virus_A_Korea_426_1968_H2N2_2	Influenza A virus (A/Korea/426/1968(H2N2))		A/Korea/426/1968	H2N2	2	2955291	145478
NC_007382.1	Influenza_A_virus_A_Korea_426_1968_H2N2_6	Influenza A virus (A/Korea/426/1968(H2N2))		A/Korea/426/1968	H2N2	6	2955291	83911
NC_007376.1	Influenza_A_virus_A_Korea_426_1968_H2N2_3	Influenza A virus (A/Korea/426/1968(H2N2))		A/Korea/426/1968	H2N2	3	2955291	148157
NC_007377.1	Influenza_A_virus_A_Korea_426_1968_H2N2_7	Influenza A virus (A/Korea/426/1968(H2N2))		A/Korea/426/1968	H2N2	7	2955291	166294
NC_007381.1	Influenza_A_virus_A_Korea_426_1968_H2N2_5	Influenza A virus (A/Korea/426/1968(H2N2))		A/Korea/426/1968	H2N2	5	2955291	152982
NC_007378.1	Influenza_A_virus_A_Korea_426_1968_H2N2_1	Influenza A virus (A/Korea/426/1968(H2N2))		A/Korea/426/1968	H2N2	1	2955291	148637
NC_007380.1	Influenza_A_virus_A_Korea_426_1968_H2N2_8	Influenza A virus (A/Korea/426/1968(H2N2))		A/Korea/426/1968	H2N2	8	2955291	149410
NC_007374.1	Influenza_A_virus_A_Korea_426_1968_H2N2_4	Influenza A virus (A/Korea/426/1968(H2N2))		A/Korea/426/1968	H2N2	4	2955291	1123
NC_007371.1	Influenza_A_virus_A_New_York_392_2004_H3N2_3	Influenza A virus (A/New York/392/2004(H3N2))		A/New York/392/2004	H3N2	3	2955291	148172
NC_007368.1	Influenza_A_virus_A_New_York_392_2004_H3N2_6	Influenza A virus (A/New York/392/2004(H3N2))		A/New York/392/2004	H3N2	6	2955291	83687
NC_007367.1	Influenza_A_virus_A_New_York_392_2004_H3N2_7	Influenza A virus (A/New York/392/2004(H3N2))		A/New York/392/2004	H3N2	7	2955291	166279
NC_007369.1	Influenza_A_virus_A_New_York_392_2004_H3N2_5	Influenza A virus (A/New York/392/2004(H3N2))		A/New York/392/2004	H3N2	5	2955291	152943
NC_007366.1	Influenza_A_virus_A_New_York_392_2004_H3N2_4	Influenza A virus (A/New York/392/2004(H3N2))		A/New York/392/2004	H3N2	4	2955291	73278
NC_007370.1	Influenza_A_virus_A_New_York_392_2004_H3N2_8	Influenza A virus (A/New York/392/2004(H3N2))		A/New York/392/2004	H3N2	8	2955291	147824
NC_007372.1	Influenza_A_virus_A_New_York_392_2004_H3N2_2	Influenza A virus (A/New York/392/2004(H3N2))		A/New York/392/2004	H3N2	2	2955291	145490
NC_007373.1	Influenza_A_virus_A_New_York_392_2004_H3N2_1	Influenza A virus (A/New York/392/2004(H3N2))		A/New York/392/2004	H3N2	1	2955291	148657
NC_002016.1	Influenza_A_virus_A_Puerto_Rico_8_1934_H1N1_7	Influenza A virus (A/Puerto Rico/8/1934(H1N1))		A/Puerto Rico/8/1934	H1N1	7	2955291	166212
NC_002018.1	Influenza_A_virus_A_Puerto_Rico_8_1934_H1N1_6	Influenza A virus (A/Puerto Rico/8/1934(H1N1))		A/Puerto Rico/8/1934(H1N1)		6	2955291	79335
NC_002017.1	Influenza_A_virus_A_Puerto_Rico_8_1934_H1N1_4	Influenza A virus (A/Puerto Rico/8/1934(H1N1))		A/Puerto Rico/8/1934	H1N1	4	2955291	67875
NC_002022.1	Influenza_A_virus_A_Puerto_Rico_8_1934_H1N1_3	Influenza A virus (A/Puerto Rico/8/1934(H1N1))		A/Puerto Rico/8/1934	H1N1	3	2955291	148097
NC_002023.1	Influenza_A_virus_A_Puerto_Rico_8_1934_H1N1_1	Influenza A virus (A/Puerto Rico/8/1934(H1N1))		A/Puerto Rico/8/1934	H1N1	1	2955291	148656
NC_002019.1	Influenza_A_virus_A_Puerto_Rico_8_1934_H1N1_5	Influenza A virus (A/Puerto Rico/8/1934(H1N1))		A/Puerto Rico/8/1934(H1N1)		5	2955291	152762
NC_002020.1	Influenza_A_virus_A_Puerto_Rico_8_1934_H1N1_8	Influenza A virus (A/Puerto Rico/8/1934(H1N1))		A/Puerto Rico/8/1934	H1N1	8	2955291	148321
NC_002021.1	Influenza_A_virus_A_Puerto_Rico_8_1934_H1N1_2	Influenza A virus (A/Puerto Rico/8/1934(H1N1))		A/Puerto Rico/8/1934		2	2955291	145476
NC_026428.1	Influenza_A_virus_A_Shanghai_02_2013_H7N9_8	Influenza A virus (A/Shanghai/02/2013(H7N9))		A/Shanghai/02/2013	H7N9	8	2955291	148977
NC_026429.1	Influenza_A_virus_A_Shanghai_02_2013_H7N9_6	Influenza A virus (A/Shanghai/02/2013(H7N9))		A/Shanghai/02/2013	H7N9	6	2955291	2738
NC_026426.1	Influenza_A_virus_A_Shanghai_02_2013_H7N9_5	Influenza A virus (A/Shanghai/02/2013(H7N9))		A/Shanghai/02/2013	H7N9	5	2955291	152946
NC_026424.1	Influenza_A_virus_A_Shanghai_02_2013_H7N9_3	Influenza A virus (A/Shanghai/02/2013(H7N9))		A/Shanghai/02/2013	H7N9	3	2955291	148179
NC_026423.1	Influenza_A_virus_A_Shanghai_02_2013_H7N9_2	Influenza A virus (A/Shanghai/02/2013(H7N9))		A/Shanghai/02/2013	H7N9	2	2955291	145495
NC_026427.1	Influenza_A_virus_A_Shanghai_02_2013_H7N9_7	Influenza A virus (A/Shanghai/02/2013(H7N9))		A/Shanghai/02/2013	H7N9	7	2955291	166303
NC_026422.1	Influenza_A_virus_A_Shanghai_02_2013_H7N9_1	Influenza A virus (A/Shanghai/02/2013(H7N9))		A/Shanghai/02/2013	H7N9	1	2955291	148686
NC_026425.1	Influenza_A_virus_A_Shanghai_02_2013_H7N9_4	Influenza A virus (A/Shanghai/02/2013(H7N9))		A/Shanghai/02/2013	H7N9	4	2955291	4530
NC_007362.1	Influenza_A_virus_A_goose_Guangdong_1_1996_H5N1_4	Influenza A virus (A/goose/Guangdong/1/1996(H5N1))		A/goose/Guangdong/1/1996	H5N1	4	2955291	25968
NC_007363.1	Influenza_A_virus_A_goose_Guangdong_1_1996_H5N1_7	Influenza A virus (A/goose/Guangdong/1/1996(H5N1))		A/goose/Guangdong/1/1996	H5N1	7	2955291	166295
NC_007364.1	Influenza_A_virus_A_goose_Guangdong_1_1996_H5N1_8	Influenza A virus (A/goose/Guangdong/1/1996(H5N1))		A/goose/Guangdong/1/1996	H5N1	8	2955291	12419
NC_007360.1	Influenza_A_virus_A_goose_Guangdong_1_1996_H5N1_5	Influenza A virus (A/goose/Guangdong/1/1996(H5N1))	A/Goose/Guangdong/1/96(H5N1)	A/Goose/Guangdong/1/96(H5N1)		5	2955291	152862
NC_007361.1	Influenza_A_virus_A_goose_Guangdong_1_1996_H5N1_6	Influenza A virus (A/goose/Guangdong/1/1996(H5N1))	A/Goose/Guangdong/1/96(H5N1)	A/Goose/Guangdong/1/96(H5N1)		6	2955291	78981
NC_007357.1	Influenza_A_virus_A_goose_Guangdong_1_1996_H5N1_1	Influenza A virus (A/goose/Guangdong/1/1996(H5N1))	A/Goose/Guangdong/1/96(H5N1)	A/Goose/Guangdong/1/96(H5N1)		1	2955291	148543
NC_007359.1	Influenza_A_virus_A_goose_Guangdong_1_1996_H5N1_3	Influenza A virus (A/goose/Guangdong/1/1996(H5N1))	A/goose/Guangdong/1/1996	A/goose/Guangdong/1/1996	H5N1	3	2955291	148154
NC_007358.1	Influenza_A_virus_A_goose_Guangdong_1_1996_H5N1_2	Influenza A virus (A/goose/Guangdong/1/1996(H5N1))		A/goose/Guangdong/1/1996	H5N1	2	2955291	145437
NC_001802.1	Human_immunodeficiency_virus_1	Human immunodeficiency virus 1					3418650	33208
NC_038882.1	Hepatitis_C_virus_isolate_H77	Hepatitis C virus (isolate H77)		H77			3052230	3846
NC_004102.1	Hepatitis_C_virus_genotype_1	Hepatitis C virus genotype 1	H77		1a		3052230	3845
NC_009823.1	Hepatitis_C_virus_genotype_2	Hepatitis C virus genotype 2		HC-J6CH			3052230	873
NC_009824.1	Hepatitis_C_virus_genotype_3	Hepatitis C virus genotype 3	NZL1				3052230	1240
NC_009825.1	Hepatitis_C_virus_genotype_4	Hepatitis C virus genotype 4	ED43				3052230	247
NC_009827.1	Hepatitis_C_virus_genotype_6	Hepatitis C virus genotype 6	Th580				3052230	160
NC_002206.1	Influenza_B_virus_B_Lee_1940_3	Influenza B virus (B/Lee/1940)		B/Lee/1940		3	2955465	19279
NC_002205.1	Influenza_B_virus_B_Lee_1940_2	Influenza B virus (B/Lee/1940)		B/Lee/1940		2	2955465	19221
NC_002204.1	Influenza_B_virus_B_Lee_1940_1	Influenza B virus (B/Lee/1940)	B/Lee/1940	B/Lee/1940		1	2955465	19068
NC_002210.1	Influenza_B_virus_B_Lee_1940_7	Influenza B virus (B/Lee/1940)		B/Lee/1940		7	2955465	19622
NC_002208.1	Influenza_B_virus_B_Lee_1940_5	Influenza B virus (B/Lee/1940)		B/Lee/1940		5	2955465	19476
NC_002211.1	Influenza_B_virus_B_Lee_1940_8	Influenza B virus (B/Lee/1940)		B/Lee/1940		8	2955465	20918
NC_002207.1	Influenza_B_virus_B_Lee_1940_4	Influenza B virus (B/Lee/1940)		B/Lee/40		4	2955465	27107
NC_002209.1	Influenza_B_virus_B_Lee_1940_6	Influenza B virus (B/Lee/1940)		B/Lee/1940		6	2955465	24235
NC_003977.2	Hepatitis_B_virus	Hepatitis B virus		ayw			3431302	16331
NC_011508.2	Rotavirus_A_3	Rotavirus A	RVA/Simian-tc/ZAF/SA11-H96/1958/G3P5B[2]	RVA/Simian-tc/ZAF/SA11-H96/1958/G3P5B[2]	G3	3	3432193	4722
NC_011502.2	Rotavirus_A_8	Rotavirus A	RVA/Simian-tc/ZAF/SA11-H96/1958/G3P5B[2]	RVA/Simian-tc/ZAF/SA11-H96/1958/G3P5B[2]	G3	8	3432193	6014
NC_011505.2	Rotavirus_A_11	Rotavirus A	RVA/Simian-tc/ZAF/SA11-H96/1958/G3P5B[2]	RVA/Simian-tc/ZAF/SA11-H96/1958/G3P5B[2]	G3	11	3432193	7093
NC_011509.2	Rotavirus_A_6	Rotavirus A	RVA/Simian-tc/ZAF/SA11-H96/1958/G3P5B[2]	RVA/Simian-tc/ZAF/SA11-H96/1958/G3P5B[2]	G3	6	3432193	8480
NC_011510.2	Rotavirus_A_4	Rotavirus A	RVA/Simian-tc/ZAF/SA11-H96/1958/G3P5B[2]	RVA/Simian-tc/ZAF/SA11-H96/1958/G3P5B[2]	G3	4	3432193	400
NC_011507.2	Rotavirus_A_1	Rotavirus A	RVA/Simian-tc/ZAF/SA11-H96/1958/G3P5B[2]	RVA/Simian-tc/ZAF/SA11-H96/1958/G3P5B[2]	G3	1	3432193	6325
NC_011504.2	Rotavirus_A_10	Rotavirus A	RVA/Simian-tc/ZAF/SA11-H96/1958/G3P5B[2]	RVA/Simian-tc/ZAF/SA11-H96/1958/G3P5B[2]	G3	10	3432193	6065
NC_011503.2	Rotavirus_A_9	Rotavirus A	RVA/Simian-tc/ZAF/SA11-H96/1958/G3P5B[2]	RVA/Simian-tc/ZAF/SA11-H96/1958/G3P5B[2]	G3	9	3432193	8907
NC_011506.2	Rotavirus_A_2	Rotavirus A	RVA/Simian-tc/ZAF/SA11-H96/1958/G3P5B[2]	RVA/Simian-tc/ZAF/SA11-H96/1958/G3P5B[2]	G3	2	3432193	6377
NC_011501.2	Rotavirus_A_7	Rotavirus A	RVA/Simian-tc/ZAF/SA11-H96/1958/G3P5B[2]	RVA/Simian-tc/ZAF/SA11-H96/1958/G3P5B[2]	G3	7	3432193	952
NC_044853.1	Norovirus_GI_Hu_JP_1998_GI_6_PNA4_No20_Saitama_98_17	Norovirus GI		Hu/JP/1998/GI.6[PNA4]/No20-Saitama-98-17			3431196	109
NC_044856.1	Norovirus_GI_Hu_BD_2011_GI_7_PNA2_Dhaka1882	Norovirus GI		Hu/BD/2011/GI.7[PNA2]/Dhaka1882			3431196	122
NC_039897.1	Norovirus_GI_Hu_JP_2007_GI_P3_GI_3_Shimizu_KK2866	Norovirus GI/Hu/JP/2007/GI.P3_GI.3/Shimizu/KK2866	Shimizu/KK2866				3431196	103
NC_039477.1	Norovirus_GII_NORO_226_06_01_2016	Norovirus GII	NORO_226_06_01_2016				3431196	3090
NC_040876.1	Norovirus_GII_NORO_176_1_17_12_2015	Norovirus GII	NORO_176-1_17_12_2015				3431196	395
NC_039475.1	Norovirus_GII_17	Norovirus GII.17		Hu/GII.P17_GII.17/KR/2015/CAU-267			3431196	1552
NC_039476.1	Norovirus_GII_2	Norovirus GII.2	BJSMQ				3431196	2317
NC_044045.1	Norovirus_GII_Hu_JP_2007_GII_P15_GII_15_Sapporo_HK299	Norovirus GII/Hu/JP/2007/GII.P15_GII.15/Sapporo/HK299	Sapporo/HK299				3431196	189
NC_044046.1	Norovirus_GII_Hu_JP_2011_GII_Yuzawa_Gira2HS	Norovirus GII/Hu/JP/2011/GII/Yuzawa/Gira2HS	Yuzawa/Gira2HS				3431196	415
NC_008311.1	Norovirus_GV	Norovirus GV	Mu/NoV/GV/MNV1/2002/USA				3431196	110
NC_029646.1	Norwalk_like_virus	Norwalk-like virus		Hu/Norovirus/hiroshima/1999/JP(9912-02F)			3431196	2863
NC_031324.1	Primate_norovirus	Primate norovirus		SimianNoV-nj			3431196	106
NC_001781.1	Human_orthopneumovirus_B1	Human orthopneumovirus		B1			3049954	17741
NC_038235.1	Human_orthopneumovirus_NC_038235_1	Human orthopneumovirus					3049954	17743
NC_001803.1	Human_respiratory_syncytial_virus_A	Human respiratory syncytial virus A		S2 ts1C			3049954	17745
NC_001477.1	dengue_virus_type_1	dengue virus type 1					3052464	7414
NC_001474.2	dengue_virus_type_2	dengue virus type 2		16681			3052464	6416
NC_001475.2	dengue_virus_type_3	dengue virus type 3	D3/H/IMTSSA-SRI/2000/1266				3052464	3328
NC_002640.1	dengue_virus_type_4	dengue virus type 4					3052464	1529
NC_001961.1	Porcine_reproductive_and_respiratory_syndrome_virus	Porcine reproductive and respiratory syndrome virus					2499685	1915
NC_038291.1	Porcine_reproductive_and_respiratory_syndrome_virus_2	Porcine reproductive and respiratory syndrome virus 2		ATCC VR-2332			2499685	1913
NC_038306.1	Coxsackievirus_A2	Coxsackievirus A2	CA2	Fleetwood			3428500	4699
NC_001612.1	Enterovirus_A	Enterovirus A					3428500	4865
NC_030454.1	enterovirus_A114	enterovirus A114	V13-0285	V13-0285	EV-A114		3428500	4850
NC_038307.1	Coxsackievirus_B3	Coxsackievirus B3					3428502	1976
NC_001472.1	Enterovirus_B	Enterovirus B					3428502	1976
NC_001542.1	Lyssavirus_rabies	Lyssavirus rabies					11292	4896
NC_001461.1	Bovine_viral_diarrhea_virus_1	Bovine viral diarrhea virus 1		NADL			3052619	411
NC_076029.1	Bovine_viral_diarrhea_virus_1_SD1	Bovine viral diarrhea virus 1-SD1					3052619	411
NC_001498.1	Measles_morbillivirus	Measles morbillivirus		Ichinose-B95a			3052345	1250
NC_001563.2	West_Nile_virus_956	West Nile virus		956			3048448	4360
NC_009942.1	West_Nile_virus_385_99	West Nile virus	385-99	NY99			3048448	4361
NC_001526.4	Human_papillomavirus_16	Human papillomavirus 16					337041	4126
NC_048214.1	Duck_coronavirus	Duck coronavirus	DK/GD/27/2014				3433766	1023
NC_001451.1	Infectious_bronchitis_virus_Beaudette	Infectious bronchitis virus		Beaudette			3433766	1064
NC_048213.1	Infectious_bronchitis_virus_Ind_TN92_03	Infectious bronchitis virus	Ind-TN92-03				3433766	1067
NC_010800.1	Turkey_coronavirus	Turkey coronavirus	MG10				3433766	1041
NC_039223.1	Avian_orthoavulavirus_1_JSD0812	Avian orthoavulavirus 1	JSD0812				3051375	1706
NC_075404.1	Avian_orthoavulavirus_1_chicken_N_Ireland_Ulster_67	Avian orthoavulavirus 1	chicken/N. Ireland/Ulster/67				3051375	1755
NC_039210.1	Foot_and_mouth_disease_virus_O	Foot-and-mouth disease virus O	o6pirbright iso58	O6	O		3426401	2208
NC_001434.1	Hepatitis_E_virus	Hepatitis E virus		Xinjiang			291484	607
NC_001659.2	African_swine_fever_virus_BA71V	African swine fever virus	BA71V	BA71V			3426474	382
NC_044941.1	African_swine_fever_virus_L60	African swine fever virus	L60	L60			3426474	559
NC_044942.1	African_swine_fever_virus_BA71	African swine fever virus	BA71	BA71			3426474	557
NC_044943.1	African_swine_fever_virus_NHV	African swine fever virus	NHV	NHV			3426474	561
NC_044944.1	African_swine_fever_virus_Kenya_1950	African swine fever virus	Kenya 1950				3426474	554
NC_044945.1	African_swine_fever_virus_Ken05_Tk1	African swine fever virus	Ken05/Tk1	Ken05/Tk1			3426474	557
NC_044946.1	African_swine_fever_virus_Ken06_Bus	African swine fever virus	Ken06.Bus	Ken06.Bus			3426474	555
NC_044947.1	African_swine_fever_virus_26544_OG10	African swine fever virus	26544/OG10				3426474	560
NC_044948.1	African_swine_fever_virus_Odintsovo_02_14	African swine fever virus	Odintsovo_02/14				3426474	560
NC_044949.1	African_swine_fever_virus_Warthog	African swine fever virus	Warthog				3426474	559
NC_044950.1	African_swine_fever_virus_Warmbaths	African swine fever virus	Warmbaths				3426474	561
NC_044951.1	African_swine_fever_virus_Tengani_62	African swine fever virus	Tengani 62				3426474	556
NC_044952.1	African_swine_fever_virus_Pretorisuskop_96_4	African swine fever virus	Pretorisuskop/96/4				3426474	559
NC_044953.1	African_swine_fever_virus_Mkuzi_1979	African swine fever virus	Mkuzi 1979				3426474	558
NC_044954.1	African_swine_fever_virus_Malawi_Lil_20_1_1983	African swine fever virus	Malawi Lil-20/1 (1983)				3426474	554
NC_044955.1	African_swine_fever_virus_47_Ss_2008	African swine fever virus	47/Ss/2008				3426474	559
NC_044959.2	African_swine_fever_virus_ASFV_Georgia_2007_1	African swine fever virus	ASFV Georgia 2007/1				3426474	550
NC_044956.1	African_swine_fever_virus_Benin_97_1	African swine fever virus Benin 97/1	Benin 97/1				3426474	559
NC_044958.1	African_swine_fever_virus_E75	African swine fever virus E75		E75			3426474	559
NC_044957.1	African_swine_fever_virus_OURT_88_3	African swine fever virus OURT 88/3	OURT 88/3				3426474	561
NC_002058.3	Enterovirus_C	Enterovirus C	Human poliovirus 1 Mahoney	Human poliovirus 1 Mahoney			3428505	2198
NC_002200.1	Mumps_orthorubulavirus	Mumps orthorubulavirus		Miyahara			3052560	1334
NC_039199.1	Human_metapneumovirus	Human metapneumovirus	00-1				3048148	1300
NC_006023.1	Bluetongue_virus_1	Bluetongue virus			10	1	3431240	1027
NC_006014.1	Bluetongue_virus_3	Bluetongue virus				3	3431240	1081
NC_006015.1	Bluetongue_virus_10	Bluetongue virus				10	3431240	1365
NC_006010.1	Bluetongue_virus_6	Bluetongue virus			10	6	3431240	208
NC_006007.1	Bluetongue_virus_8	Bluetongue virus			10	8	3431240	1081
NC_006025.1	Bluetongue_virus_5	Bluetongue virus			10	5	3431240	1078
NC_006022.1	Bluetongue_virus_7	Bluetongue virus	serotype 10	serotype 10		7	3431240	1090
NC_006008.2	Bluetongue_virus_9	Bluetongue virus			10	9	3431240	1107
NC_006024.2	Bluetongue_virus_4	Bluetongue virus			10	4	3431240	1026
NC_007605.1	Human_gammaherpesvirus_4	Human gammaherpesvirus 4		B95-8			3050299	907
NC_009334.1	Human_herpesvirus_4_type_2	Human herpesvirus 4 type 2		AG876			3050299	897
NC_005148.1	Porcine_circovirus_2_AUT1	Porcine circovirus 2	AUT1				3048279	4565
NC_006232.1	Porcine_circovirus_2_JX0301	Porcine circovirus 2		JX0301			3048279	4563
NC_038311.1	rhinovirus_A1	rhinovirus A1		ATCC VR-1559			3428501	877
NC_074955.1	Paslahepevirus_balayani_NC_074955_1	Paslahepevirus balayani					1678143	773
NC_001489.1	Hepatovirus_A	Hepatovirus A					3407641	475
NC_006273.2	Human_betaherpesvirus_5	Human betaherpesvirus 5		Merlin			3050295	198
NC_015783.1	Torque_teno_virus_TTV_HD14a_gbDhDi33_32	Torque teno virus	TTV-HD14a (gbDhDi33.32)				68887	102
NC_003310.1	Monkeypox_virus_Ia	Monkeypox virus		Zaire-96-I-16	Ia		3431483	9961
NC_063383.1	Monkeypox_virus_IIb	Monkeypox virus	MPXV-M5312_HM12_Rivers		IIb		3431483	10076
NC_001539.1	Canine_parvovirus	Canine parvovirus		CPV-N			3052707	993
NC_001806.2	Human_alphaherpesvirus_1	Human alphaherpesvirus 1		17			3050292	540
NC_001436.1	Human_T_cell_leukemia_virus_type_I	Human T-cell leukemia virus type I					3428212	653
NC_000858.1	Primate_T_lymphotropic_virus_1	Primate T-lymphotropic virus 1	Tan90				3428212	645
NC_018138.1	SFTS_virus_HB29_M	SFTS virus HB29		HB29		M	2748958	2530
NC_018137.1	SFTS_virus_HB29_S	SFTS virus HB29		HB29		S	2748958	586
NC_018136.1	SFTS_virus_HB29_L	SFTS virus HB29		HB29		L	2748958	2472
NC_043450.1	Severe_fever_with_thrombocytopenia_syndrome_virus_L	Severe fever with thrombocytopenia syndrome virus		HNXH		L	2748958	2472
NC_043451.1	Severe_fever_with_thrombocytopenia_syndrome_virus_M	Severe fever with thrombocytopenia syndrome virus		HNXH		M	2748958	2530
NC_043452.1	Severe_fever_with_thrombocytopenia_syndrome_virus_S	Severe fever with thrombocytopenia syndrome virus		HNXH		S	2748958	2128
NC_001798.2	Human_alphaherpesvirus_2	Human alphaherpesvirus 2		HG52			3050293	544
NC_004162.2	Chikungunya_virus	Chikungunya virus		S27-African prototype			3426298	3219
NC_003436.1	Porcine_epidemic_diarrhea_virus	Porcine epidemic diarrhea virus	CV777	CV777			3433789	1198
NC_038878.1	Human_rhinovirus_NAT001	Human rhinovirus NAT001	NAT001				3428504	145
NC_004179.1	Infectious_bursal_disease_virus_UK661_B	Infectious bursal disease virus	UK661	Very virulent strain		B	3048151	367
NC_004178.1	Infectious_bursal_disease_virus_UK661_A	Infectious bursal disease virus	UK661	Very virulent strain		A	3048151	374
NC_077770.1	Infectious_bursal_disease_virus_1977_from_Schobries_et_al_1977_B	Infectious bursal disease virus	1977 from Schobries et al (1977)	P2		B	3048151	368
NC_077769.1	Infectious_bursal_disease_virus_1977_from_Schobries_et_al_1977_A	Infectious bursal disease virus	1977, from Schobries et al (1977)	P2		A	3048151	374
NC_001661.1	Citrus_tristeza_virus	Citrus tristeza virus					3428013	141
NC_001722.1	Human_immunodeficiency_virus_2	Human immunodeficiency virus 2	BEN				3418651	124
NC_038308.1	enterovirus_D68	enterovirus D68		Fermon			3428506	1856
NC_003636.1	Peach_latent_mosaic_viroid	Peach latent mosaic viroid					3431559	6775
NC_038319.1	Human_parechovirus_1	Human parechovirus 1					3431395	566
NC_001897.1	Parechovirus_A	Parechovirus A	Gregory	Gregory	2		3431395	568
AC_000019.1	Human_adenovirus_35	Human adenovirus 35			35		3241406	1038
AC_000018.1	Human_adenovirus_7	Human adenovirus 7			7		3241406	1036
NC_011202.1	Human_mastadenovirus_B_Human_adenovirus_11	Human mastadenovirus B	Slobitski	Slobitski	Human adenovirus 11		3241406	1038
NC_011203.1	Human_mastadenovirus_B_Human_adenovirus_3	Human mastadenovirus B	GB	GB	Human adenovirus 3		3241406	1035
AC_000010.1	Simian_adenovirus_21	Simian adenovirus 21			Simian adenovirus 21		3241406	1037
NC_002306.3	Feline_infectious_peritonitis_virus	Feline infectious peritonitis virus	79-1146		2		3433814	257
NC_028806.1	Swine_enteric_coronavirus	Swine enteric coronavirus		Italy/213306/2009			3433814	254
NC_038861.1	Transmissible_gastroenteritis_virus	Transmissible gastroenteritis virus	PUR46-MAD	Purdue			3433814	255
NC_004830.2	Deformed_wing_virus	Deformed wing virus					3047792	359
NC_006494.1	Varroa_destructor_virus_1	Varroa destructor virus 1					3047792	359
AC_000017.1	Human_adenovirus_1	Human adenovirus 1			1		3241411	583
AC_000007.1	Human_adenovirus_2	Human adenovirus 2			Human adenovirus type 2		3241411	583
AC_000008.1	Human_adenovirus_5	Human adenovirus 5			Human adenovirus type 5		3241411	583
NC_001405.1	Human_mastadenovirus_C	Human mastadenovirus C			Human adenovirus 2		3241411	583
NC_001699.1	JC_polyomavirus	JC polyomavirus		Mad1			1891763	750
NC_015126.1	Avian_orthoreovirus_AVS_B_L1	Avian orthoreovirus	AVS-B	AVS-B		L1	3431493	313
NC_015135.1	Avian_orthoreovirus_AVS_B_S4	Avian orthoreovirus	AVS-B	AVS-B		S4	3431493	401
NC_015127.1	Avian_orthoreovirus_AVS_B_L2	Avian orthoreovirus	AVS-B	AVS-B		L2	3431493	282
NC_015128.1	Avian_orthoreovirus_AVS_B_L3	Avian orthoreovirus	AVS-B	AVS-B		L3	3431493	192
NC_015133.1	Avian_orthoreovirus_AVS_B_S2	Avian orthoreovirus	AVS-B	AVS-B		S2	3431493	324
NC_015134.1	Avian_orthoreovirus_AVS_B_S3	Avian orthoreovirus	AVS-B	AVS-B		S3	3431493	148
NC_015129.1	Avian_orthoreovirus_AVS_B_M1	Avian orthoreovirus	AVS-B	AVS-B		M1	3431493	293
NC_015130.1	Avian_orthoreovirus_AVS_B_M2	Avian orthoreovirus	AVS-B	AVS-B		M2	3431493	148
NC_015131.1	Avian_orthoreovirus_AVS_B_M3	Avian orthoreovirus	AVS-B	AVS-B		M3	3431493	265
NC_002051.1	Orthotospovirus_tomatomaculae_S	Orthotospovirus tomatomaculae	CPNH9			S	3052585	405
NC_002050.1	Orthotospovirus_tomatomaculae_M	Orthotospovirus tomatomaculae				M	3052585	337
NC_002052.1	Orthotospovirus_tomatomaculae_L	Orthotospovirus tomatomaculae		BR-01 (CNPH1)		L	3052585	179
NC_006554.1	Sapovirus_C12	Sapovirus C12		C12			3432266	134
NC_006269.1	Sapovirus_Hu_Dresden_pJG_Sap01_DE	Sapovirus Hu/Dresden/pJG-Sap01/DE		Hu/Dresden/pJG-Sap01/DE			3432266	208
NC_075724.1	Sapovirus_Hu_GI_Sapporo_MT_2010_1982	Sapovirus Hu/GI/Sapporo/MT-2010/1982		Hu/GI/Sapporo/MT-2010/1982			3432266	208
NC_010624.1	Sapovirus_Mc10	Sapovirus Mc10		Mc10			3432266	135
NC_007570.1	Rotavirus_C_5	Rotavirus C	4077-89	Bristol		5	3432203	283
NC_007545.1	Rotavirus_C_9	Rotavirus C	Bristol	Bristol		9	3432203	160
NC_007547.1	Rotavirus_C_1	Rotavirus C	Bristol	Bristol		1	3432203	169
NC_007571.1	Rotavirus_C_8	Rotavirus C	Bristol			8	3432203	265
NC_007543.1	Rotavirus_C_6	Rotavirus C	Bristol	Bristol		6	3432203	120
NC_007546.1	Rotavirus_C_2	Rotavirus C	Bristol	Bristol		2	3432203	167
NC_007574.1	Rotavirus_C_4	Rotavirus C	Bristol	Bristol		4	3432203	154
NC_001710.1	GB_virus_C	GB virus C					3052608	160
NC_038272.1	Bovine_respiratory_syncytial_virus_ATCC51908	Bovine respiratory syncytial virus ATCC51908		ATCC 51908			3050248	278
NC_001989.1	bovine_respiratory_syncytial_virus	bovine respiratory syncytial virus		ATue51908			3050248	274
NC_005301.3	Orthonairovirus_haemorrhagiae_L	Orthonairovirus haemorrhagiae		IbAr10200		L	3052518	394
NC_005302.1	Orthonairovirus_haemorrhagiae_S	Orthonairovirus haemorrhagiae		10200		S	3052518	580
NC_005300.2	Orthonairovirus_haemorrhagiae_M	Orthonairovirus haemorrhagiae		IbAr10200		M	3052518	375
NC_009333.1	Human_gammaherpesvirus_8	Human gammaherpesvirus 8		GK18			3050300	288
NC_006213.1	Human_coronavirus_OC43	Human coronavirus OC43		ATCC VR-759	OC43		3433757	1041
NC_001616.1	Potato_virus_Y	Potato virus Y					3240642	961
NC_036469.1	Piscine_orthoreovirus_M1	Piscine orthoreovirus	CGA280-05			M1	3431498	340
NC_036471.1	Piscine_orthoreovirus_M3	Piscine orthoreovirus	CGA280-05			M3	3431498	341
NC_036470.1	Piscine_orthoreovirus_M2	Piscine orthoreovirus	CGA280-05			M2	3431498	437
NC_036473.1	Piscine_orthoreovirus_S2	Piscine orthoreovirus	CGA280-05			S2	3431498	400
NC_036468.1	Piscine_orthoreovirus_L2	Piscine orthoreovirus	CGA280-05			L2	3431498	339
NC_036474.1	Piscine_orthoreovirus_S3	Piscine orthoreovirus	CGA280-05			S3	3431498	343
NC_036472.1	Piscine_orthoreovirus_S1	Piscine orthoreovirus	CGA280-05			S1	3431498	640
NC_036477.1	Piscine_orthoreovirus_L3	Piscine orthoreovirus	CGA280-05			L3	3431498	134
NC_036476.1	Piscine_orthoreovirus_L1	Piscine orthoreovirus	CGA280-05			L1	3431498	134
NC_036475.1	Piscine_orthoreovirus_S4	Piscine orthoreovirus	CGA280-05			S4	3431498	468
NC_001538.1	Betapolyomavirus_hominis	Betapolyomavirus hominis					1891762	1380
NC_002657.1	Classical_swine_fever_virus	Classical swine fever virus		strain Eystrup			3052625	961
NC_038912.1	Classical_swine_fever_virus_Alfort_187	Classical swine fever virus - Alfort/187		Alfort/187			3052625	961
NC_001653.2	Hepatitis_delta_virus_NC_001653_2	Hepatitis delta virus					2844074	853
NC_076106.1	Hepatitis_delta_virus_dFr2072	Hepatitis delta virus	dFr2072	dFr2072			2844074	125
NC_076107.1	Hepatitis_delta_virus_dFr2005	Hepatitis delta virus	dFr2005	dFr2005			2844074	223
NC_076108.1	Hepatitis_delta_virus_dFr2158	Hepatitis delta virus	dFr2158	dFr2158			2844074	116
NC_076110.1	Hepatitis_delta_virus_NC_076110_1	Hepatitis delta virus					2844074	179
NC_059681.1	hepatitis_D_virus_1	hepatitis D virus 1		TW2667			2844074	790
NC_001545.2	Rubella_virus_F_Therien	Rubella virus		F-Therien			2846071	178
NC_076948.1	Rubella_virus_RVi_Bismarck_ND_USA_23_08_2B	Rubella virus		RVi/Bismarck.ND.USA/23.08/2B			2846071	178
NC_001414.1	Bovine_leukemia_virus	Bovine leukemia virus					3428211	473
NC_000883.2	Human_parvovirus_B19	Human parvovirus B19	J35				3052189	216
NC_001357.1	human_papillomavirus_18	human papillomavirus 18					337042	974
NC_001437.1	Japanese_encephalitis_virus	Japanese encephalitis virus					3048158	685
NC_001796.2	Human_respirovirus_3_NC_001796_2	Human respirovirus 3					3049953	906
NC_075446.1	Human_respirovirus_3_Guangzhou	Human respirovirus 3	Guangzhou	ZHYMgz01			3049953	906
NC_038270.1	Simian_Agent_10	Simian Agent 10					3049953	906
NC_002549.1	Zaire_ebolavirus	Zaire ebolavirus	Ebola virus/H.sapiens-tc/COD/1976/Yambuku-Mayinga				3052462	3415
NC_001921.1	canine_distemper_virus	canine distemper virus	Onderstpoort				3052342	268
NC_001454.1	Human_mastadenovirus_F	Human mastadenovirus F	Dugan	Dugan	Human adenovirus 40		3241426	333
NC_001672.1	Tick_borne_encephalitis_virus	Tick-borne encephalitis virus					3052465	534
NC_006016.1	Orbivirus_alphaequi_8	Orbivirus alphaequi		serotype 9		8	40050	289
NC_006009.1	Orbivirus_alphaequi_10	Orbivirus alphaequi			3	10	40050	262
NC_006011.1	Orbivirus_alphaequi_7	Orbivirus alphaequi			4	7	40050	308
NC_006012.1	Orbivirus_alphaequi_4	Orbivirus alphaequi			4	4	40050	268
NC_006017.1	Orbivirus_alphaequi_3	Orbivirus alphaequi				3	40050	280
NC_006021.1	Orbivirus_alphaequi_1	Orbivirus alphaequi			9	1	40050	275
NC_006020.1	Orbivirus_alphaequi_5	Orbivirus alphaequi			6	5	40050	310
NC_004005.1	Tomato_yellow_leaf_curl_virus	Tomato yellow leaf curl virus	Almeria				3426741	1589
NC_012959.1	Human_adenovirus_54	Human adenovirus 54	Kobe-H	Kobe-H			3241420	308
AC_000006.1	Human_mastadenovirus_D_Human_adenovirus_type_17	Human mastadenovirus D			Human adenovirus type 17		3241420	307
NC_005777.1	Oropouche_virus_S	Oropouche virus				S	3052429	1023
NC_005776.1	Oropouche_virus_L	Oropouche virus				L	3052429	880
NC_005775.1	Oropouche_virus_M	Oropouche virus		BeAn19991		M	3052429	876
NC_002030.1	Potato_spindle_tuber_viroid	Potato spindle tuber viroid					3431858	2692
NC_001445.1	Plum_pox_virus	Plum pox virus	PPV-NAT				3240600	653
NC_031753.1	Porcine_circovirus_3	Porcine circovirus 3		29160			3048280	1345
NC_004297.1	Mammarenavirus_lassaense_L	Mammarenavirus lassaense		Josiah		L	3052310	164
NC_001355.1	Human_papillomavirus_type_6b	Human papillomavirus type 6b		type 6b (HPV6b)			333754	426
NC_030922.1	Mamastrovirus_1	Mamastrovirus 1	V1347				3430629	159
NC_001543.1	Rabbit_hemorrhagic_disease_virus	Rabbit hemorrhagic disease virus	FRG	FRG			3430318	1024
NC_012532.1	Zika_virus_MR_766	Zika virus		MR 766			3048459	1521
NC_035889.1	Zika_virus_Natal_RGN	Zika virus		Natal RGN			3048459	1521
NC_006306.2	Influenza_C_virus_C_Ann_Arbor_1_50_7	Influenza C virus (C/Ann Arbor/1/50)	C/Ann Arbor/1/50			7	2955935	254
NC_006312.2	Influenza_C_virus_C_Ann_Arbor_1_50_6	Influenza C virus (C/Ann Arbor/1/50)		C/Ann Arbor/1/50		6	2955935	283
NC_006308.2	Influenza_C_virus_C_Ann_Arbor_1_50_2	Influenza C virus (C/Ann Arbor/1/50)		C/Ann Arbor/1/50		2	2955935	175
NC_006309.2	Influenza_C_virus_C_Ann_Arbor_1_50_3	Influenza C virus (C/Ann Arbor/1/50)		C/Ann Arbor/1/50		3	2955935	181
NC_006311.1	Influenza_C_virus_C_Ann_Arbor_1_50_5	Influenza C virus (C/Ann Arbor/1/50)		C/Ann Arbor/1/50		5	2955935	173
NC_006307.2	Influenza_C_virus_C_Ann_Arbor_1_50_1	Influenza C virus (C/Ann Arbor/1/50)		C/Ann Arbor/1/50		1	2955935	181
NC_006310.2	Influenza_C_virus_C_Ann_Arbor_1_50_4	Influenza C virus (C/Ann Arbor/1/50)		C/Ann Arbor/1/50		4	2955935	437
NC_006499.1	Isavirus_salaris_6	Isavirus salaris	CCBB			6	55987	1038
NC_006502.1	Isavirus_salaris_3	Isavirus salaris	CCBB			3	55987	144
NC_006501.1	Isavirus_salaris_4	Isavirus salaris	CCBB			4	55987	143
NC_006500.2	Isavirus_salaris_5	Isavirus salaris	CCBB			5	55987	221
NC_006151.1	Suid_alphaherpesvirus_1_Composite_of_6_strains	Suid alphaherpesvirus 1		Composite of 6 strains			3050355	140
NC_075689.1	Suid_alphaherpesvirus_1_Kaplan	Suid alphaherpesvirus 1		Kaplan			3050355	140
NC_013225.1	Mammalian_orthoreovirus_3_L1	Mammalian orthoreovirus 3	MPC/04		3	L1	3422298	179
NC_013234.1	Mammalian_orthoreovirus_3_S4	Mammalian orthoreovirus 3	MPC/04		3	S4	3422298	173
NC_013231.1	Mammalian_orthoreovirus_3_S1	Mammalian orthoreovirus 3	MPC/04		3	S1	3422298	130
NC_013230.1	Mammalian_orthoreovirus_3_M3	Mammalian orthoreovirus 3	MPC/04		3	M3	3422298	158
NC_013232.1	Mammalian_orthoreovirus_3_S2	Mammalian orthoreovirus 3	MPC/04		3	S2	3422298	180
NC_013228.1	Mammalian_orthoreovirus_3_M2	Mammalian orthoreovirus 3	MPC/04		3	M2	3422298	169
NC_013233.1	Mammalian_orthoreovirus_3_S3	Mammalian orthoreovirus 3	MPC/04		3	S3	3422298	182
NC_013227.1	Mammalian_orthoreovirus_3_M1	Mammalian orthoreovirus 3	MPC/04		3	M1	3422298	139
NC_013226.1	Mammalian_orthoreovirus_3_L2	Mammalian orthoreovirus 3	MPC/04		3	L2	3422298	178
NC_013229.1	Mammalian_orthoreovirus_3_L3	Mammalian orthoreovirus 3	MPC/04		3	L3	3422298	190
NC_077838.1	Mammalian_orthoreovirus_3_Dearing_S4	Mammalian orthoreovirus 3 Dearing	Dearing	T3D	3	S4	3422298	174
NC_077839.1	Mammalian_orthoreovirus_3_Dearing_L1	Mammalian orthoreovirus 3 Dearing	Dearing	T3D	3	L1	3422298	181
NC_077845.1	Mammalian_orthoreovirus_3_Dearing_M3	Mammalian orthoreovirus 3 Dearing	Dearing	T3D	3	M3	3422298	158
NC_077844.1	Mammalian_orthoreovirus_3_Dearing_S1	Mammalian orthoreovirus 3 Dearing	Dearing	T3D	3	S1	3422298	129
NC_077837.1	Mammalian_orthoreovirus_3_Dearing_S3	Mammalian orthoreovirus 3 Dearing	Dearing	T3D	3	S3	3422298	182
NC_077846.1	Mammalian_orthoreovirus_3_Dearing_S2	Mammalian orthoreovirus 3 Dearing	Dearing	T3D	3	S2	3422298	181
NC_077840.1	Mammalian_orthoreovirus_3_Dearing_L2	Mammalian orthoreovirus 3 Dearing	Dearing	T3D	3	L2	3422298	176
NC_077841.1	Mammalian_orthoreovirus_3_Dearing_M1	Mammalian orthoreovirus 3 Dearing	Dearing	T3D	3	M1	3422298	136
NC_077843.1	Mammalian_orthoreovirus_3_Dearing_M2	Mammalian orthoreovirus 3 Dearing	Dearing	T3D	3	M2	3422298	160
NC_077842.1	Mammalian_orthoreovirus_3_Dearing_L3	Mammalian orthoreovirus 3 Dearing	Dearing	T3D	3	L3	3422298	190
NC_002509.2	Turnip_mosaic_virus	Turnip mosaic virus					3240607	1018
NC_004611.1	Tomato_leaf_curl_New_Delhi_virus_DNA_A	Tomato leaf curl New Delhi virus	Severe	Severe		DNA A	3426993	153
NC_003027.1	Lumpy_skin_disease_virus_NI_2490	Lumpy skin disease virus NI-2490	Neethling 2490				3427718	224
NC_006383.2	Peste_des_petits_ruminants_virus	Peste des petits ruminants virus	Turkey 2000				3052343	193
NC_002077.1	Adeno_associated_virus_1	Adeno-associated virus - 1					1511891	290
NC_001729.1	Adeno_associated_virus_3	Adeno-associated virus - 3		3H			1511891	290
NC_001829.1	Adeno_associated_virus_4	Adeno-associated virus - 4	ATCC VR-646				1511891	283
NC_006260.1	Adeno_associated_virus_7	Adeno-associated virus - 7					1511891	290
NC_006261.1	Adeno_associated_virus_8	Adeno-associated virus - 8					1511891	290
NC_001401.2	adeno_associated_virus_2	adeno-associated virus 2					1511891	290
NC_066642.1	Horsepox_virus	Horsepox virus	MNR-76				10245	175
NC_006998.1	Orthopoxvirus_vaccinia	Orthopoxvirus vaccinia	WR (Western Reserve)	WR (Western Reserve)			10245	188
NC_001348.1	Human_alphaherpesvirus_3	Human alphaherpesvirus 3		Dumas			3050294	337
NC_001490.1	rhinovirus_B14	rhinovirus B14					3428503	216
NC_038312.1	rhinovirus_B3	rhinovirus B3			3		3428503	219
NC_002031.1	Yellow_fever_virus	Yellow fever virus		17D vaccine strain			3046277	1410
NC_005218.1	Orthohantavirus_hantanense_NC_005218_1	Orthohantavirus hantanense					3052480	146
NC_005222.1	Orthohantavirus_hantanense_L	Orthohantavirus hantanense		76-118		L	3052480	277
NC_005219.1	Orthohantavirus_hantanense_NC_005219_1	Orthohantavirus hantanense					3052480	149
NC_043487.1	Lelystad_virus	Lelystad virus					3411021	252
NC_001427.1	Chicken_anemia_virus	Chicken anemia virus					3047743	633
NC_005236.1	Orthohantavirus_seoulense_S	Orthohantavirus seoulense		80-39		S	3052498	314
NC_005237.1	Orthohantavirus_seoulense_M	Orthohantavirus seoulense		80-39		M	3052498	326
NC_005238.1	Orthohantavirus_seoulense_L	Orthohantavirus seoulense		80-39		L	3052498	199
NC_001948.1	Grapevine_rupestris_stem_pitting_associated_virus	Grapevine rupestris stem pitting-associated virus					3428812	476
NC_004667.1	Grapevine_leafroll_associated_virus_3	Grapevine leafroll-associated virus 3	NY1	NY1			3426349	119
NC_002229.3	Gallid_alphaherpesvirus_2	Gallid alphaherpesvirus 2		Md5			3050287	106
NC_001785.1	Papaya_ringspot_virus	Papaya ringspot virus					3240577	123
NC_001481.2	Feline_calicivirus_Urbana	Feline calicivirus	Urbana	Urbana			3433199	267
NC_075569.1	Feline_calicivirus_NC_075569_1	Feline calicivirus					3433199	266
NC_013396.1	Epizootic_hemorrhagic_disease_virus_serotype_1_strain_New_Jersey_1	Epizootic hemorrhagic disease virus (serotype 1 / strain New Jersey)	USA1955/01	New Jersey	1	1	3431252	118
NC_013400.1	Epizootic_hemorrhagic_disease_virus_serotype_1_strain_New_Jersey_5	Epizootic hemorrhagic disease virus (serotype 1 / strain New Jersey)	USA1955/01	New Jersey	1	5	3431252	118
NC_013399.1	Epizootic_hemorrhagic_disease_virus_serotype_1_strain_New_Jersey_4	Epizootic hemorrhagic disease virus (serotype 1 / strain New Jersey)	USA1955/01	New Jersey	1	4	3431252	101
NC_013404.1	Epizootic_hemorrhagic_disease_virus_serotype_1_strain_New_Jersey_9	Epizootic hemorrhagic disease virus (serotype 1 / strain New Jersey)	USA1955/01	New Jersey	1	9	3431252	105
NC_013398.1	Epizootic_hemorrhagic_disease_virus_serotype_1_strain_New_Jersey_3	Epizootic hemorrhagic disease virus (serotype 1 / strain New Jersey)	USA1955/01	New Jersey	1	3	3431252	139
NC_013402.1	Epizootic_hemorrhagic_disease_virus_serotype_1_strain_New_Jersey_7	Epizootic hemorrhagic disease virus (serotype 1 / strain New Jersey)	USA1955/01	New Jersey	1	7	3431252	207
NC_001944.1	Beak_and_feather_disease_virus	Beak and feather disease virus					3047561	595
NC_000855.1	Viral_hemorrhagic_septicemia_virus_Fil3	Viral hemorrhagic septicemia virus Fil3		Fil3			1980916	188
NC_014397.1	Rift_Valley_fever_virus_L	Rift Valley fever virus		ZH-548		L	3052676	411
NC_014396.1	Rift_Valley_fever_virus_M	Rift Valley fever virus		ZH-548		M	3052676	423
NC_014395.1	Rift_Valley_fever_virus_S	Rift Valley fever virus		ZH-548		S	3052676	447
NC_001662.1	Aleutian_mink_disease_virus	Aleutian mink disease virus		ADV-G			3051624	285
NC_036620.1	Influenza_D_virus_D_swine_Oklahoma_1334_2011_6	Influenza D virus (D/swine/Oklahoma/1334/2011)		D/swine/Oklahoma/1334/2011		6	2955744	240
NC_036617.1	Influenza_D_virus_D_swine_Oklahoma_1334_2011_5	Influenza D virus (D/swine/Oklahoma/1334/2011)		D/swine/Oklahoma/1334/2011		5	2955744	239
NC_036615.1	Influenza_D_virus_D_swine_Oklahoma_1334_2011_2	Influenza D virus (D/swine/Oklahoma/1334/2011)		D/swine/Oklahoma/1334/2011		2	2955744	219
NC_036619.1	Influenza_D_virus_D_swine_Oklahoma_1334_2011_3	Influenza D virus (D/swine/Oklahoma/1334/2011)		D/swine/Oklahoma/1334/2011		3	2955744	238
NC_036616.1	Influenza_D_virus_D_swine_Oklahoma_1334_2011_1	Influenza D virus (D/swine/Oklahoma/1334/2011)		D/swine/Oklahoma/1334/2011		1	2955744	231
NC_036618.1	Influenza_D_virus_D_swine_Oklahoma_1334_2011_4	Influenza D virus (D/swine/Oklahoma/1334/2011)		D/swine/Oklahoma/1334/2011		4	2955744	249
NC_036621.1	Influenza_D_virus_D_swine_Oklahoma_1334_2011_7	Influenza D virus (D/swine/Oklahoma/1334/2011)		D/swine/Oklahoma/1334/2011		7	2955744	242
NC_038294.1	Betacoronavirus_England_1	Betacoronavirus England 1	H123990006	England 1			3433633	800
NC_019843.3	Middle_East_respiratory_syndrome_related_coronavirus	Middle East respiratory syndrome-related coronavirus	HCoV-EMC/2012	HCoV-EMC			3433633	800
NC_015116.1	Avian_leukemia_virus	Avian leukemia virus	SCDY1				3426267	314
NC_001408.1	Avian_leukosis_virus_RSA	Avian leukosis virus - RSA					3426267	314
NC_003398.1	Sugarcane_mosaic_virus	Sugarcane mosaic virus					3240610	196
NC_007455.1	Bocaparvovirus_primate1_st2	Bocaparvovirus primate1	st2				3052040	397
NC_075120.1	Bocaparvovirus_primate1_Salvador1	Bocaparvovirus primate1	Salvador1				3052040	398
NC_014358.1	Bocavirus_gorilla_GBoV1_2009	Bocavirus gorilla/GBoV1/2009	GBoV1				3052040	398
NC_012564.1	Human_bocavirus_3	Human bocavirus 3		W471			3052040	398
NC_001491.2	Equid_alphaherpesvirus_1	Equid alphaherpesvirus 1		Ab4			3050276	221
NC_006623.1	Gallid_alphaherpesvirus_1_Composite_of_6_strains	Gallid alphaherpesvirus 1		Composite of 6 strains			3050286	110
NC_075683.1	Gallid_alphaherpesvirus_1_SA2	Gallid alphaherpesvirus 1		SA2			3050286	110
NC_003224.1	Zucchini_yellow_mosaic_virus	Zucchini yellow mosaic virus	TW-TN3				3240514	180
NC_001915.1	Infectious_pancreatic_necrosis_virus_A	Infectious pancreatic necrosis virus		Jasper		A	3048153	169
NC_001916.1	Infectious_pancreatic_necrosis_virus_B	Infectious pancreatic necrosis virus		Jasper serotype		B	3048153	175
NC_027054.1	Porcine_kobuvirus	Porcine kobuvirus	JS-02a-CHN/2014/China				1298633	126
NC_016769.1	Porcine_kobuvirus_SH_W_CHN_2010_China	Porcine kobuvirus SH-W-CHN/2010/China	SH-W-CHN/2010/China				1298633	126
NC_011829.1	Porcine_kobuvirus_swine_S_1_HUN_2007_Hungary	Porcine kobuvirus swine/S-1-HUN/2007/Hungary		swine/S-1-HUN/2007/Hungary			1298633	128
NC_006262.1	Watermelon_mosaic_virus	Watermelon mosaic virus		WMV-Fr			3240504	192
NC_001351.1	Hop_stunt_viroid	Hop stunt viroid					3429801	469
NC_004067.1	Pepino_mosaic_virus	Pepino mosaic virus	Sp-13				3433856	159
NC_006551.1	Usutu_virus	Usutu virus		Vienna 2001			3048443	742
NC_015782.2	Grapevine_Pinot_gris_virus	Grapevine Pinot gris virus					3432991	269
NC_001593.1	Human_papillomavirus_type_53	Human papillomavirus type 53					337050	148
NC_038889.1	human_papillomavirus_30	human papillomavirus 30					337050	146
NC_003899.1	Eastern_equine_encephalitis_virus	Eastern equine encephalitis virus	ssp. North American variant	ssp. North American variant			3426299	565
NC_005831.2	Human_coronavirus_NL63	Human coronavirus NL63		Amsterdam I			3433809	353
NC_003461.1	Human_respirovirus_1	Human respirovirus 1		Washington 1964			3049952	336
NC_001575.2	Rice_yellow_mottle_virus	Rice yellow mottle virus	CI4				3432506	126
NC_001749.2	Capillovirus_mali	Capillovirus mali					28347	185
NC_002361.1	Columbid_circovirus	Columbid circovirus					3050342	886
NC_003729.1	Rice_black_streaked_dwarf_virus_1	Rice black streaked dwarf virus				1	3428768	125
NC_003736.1	Rice_black_streaked_dwarf_virus_5	Rice black streaked dwarf virus				5	3428768	135
NC_003732.1	Rice_black_streaked_dwarf_virus_8	Rice black streaked dwarf virus				8	3428768	123
NC_003733.1	Rice_black_streaked_dwarf_virus_10	Rice black streaked dwarf virus				10	3428768	176
NC_001346.2	Maize_streak_virus_A_Ama	Maize streak virus - A[Ama]	MSV-Ama	MSV-A			3430734	1039
NC_075135.1	Maize_streak_virus_A_South_Africa	Maize streak virus - A[South Africa]		South African			3430734	1037
NC_001409.1	Trichovirus_mali	Trichovirus mali					12175	132
NC_028752.1	Camel_alphacoronavirus	Camel alphacoronavirus	camel/Riyadh/Ry141/2015				3433756	335
NC_002645.1	Human_coronavirus_229E	Human coronavirus 229E					3433756	335
NC_002532.2	Equine_arteritis_virus	Equine arteritis virus		Bucyrus			2499620	103
NC_003462.2	Foveavirus_mali	Foveavirus mali	PA66	ASPV			35350	179
NC_038815.1	Cardamom_bushy_dwarf_virus_M	Cardamom bushy dwarf virus				M	3426587	166
NC_038813.1	Cardamom_bushy_dwarf_virus_DNA_U3	Cardamom bushy dwarf virus				DNA-U3	3426587	165
NC_038809.1	Cardamom_bushy_dwarf_virus_NC_038809_1	Cardamom bushy dwarf virus					3426587	165
NC_038810.1	Cardamom_bushy_dwarf_virus_NC_038810_1	Cardamom bushy dwarf virus					3426587	170
NC_038816.1	Cardamom_bushy_dwarf_virus_NC_038816_1	Cardamom bushy dwarf virus					3426587	165
NC_038808.1	Cardamom_bushy_dwarf_virus_NC_038808_1	Cardamom bushy dwarf virus					3426587	162
NC_024113.1	Mogiana_tick_virus_SY84_1	Mogiana tick virus	SY84			1	1172985	170
NC_024114.1	Mogiana_tick_virus_SY84_3	Mogiana tick virus	SY84			3	1172985	163
NC_024111.1	Mogiana_tick_virus_SY84_4	Mogiana tick virus	SY84			4	1172985	162
NC_024112.1	Mogiana_tick_virus_SY84_2	Mogiana tick virus	SY84			2	1172985	159
NC_034224.1	Mogiana_tick_virus_MGTV_V4_11_4	Mogiana tick virus	MGTV/V4/11			4	1172985	164
NC_034222.1	Mogiana_tick_virus_MGTV_V4_11_1	Mogiana tick virus	MGTV/V4/11			1	1172985	174
NC_034223.1	Mogiana_tick_virus_MGTV_V4_11_3	Mogiana tick virus	MGTV/V4/11			3	1172985	164
NC_034225.1	Mogiana_tick_virus_MGTV_V4_11_2	Mogiana tick virus	MGTV/V4/11			2	1172985	162
NC_017825.1	Chimpanzee_adenovirus_Y25	Chimpanzee adenovirus Y25					3241425	194
NC_003266.2	Human_mastadenovirus_E	Human mastadenovirus E	vaccine (CL 68578)	vaccine (CL 68578)	human adenovirus 4		3241425	194
AC_000011.1	Simian_adenovirus_25	Simian adenovirus 25			Simian adenovirus 25		3241425	194
