accession	tree_name	organism	assembly	isolate	strain	serotype	segment	length	host	Taxonomy_ID	GenBank_Count
NC_026438.1	Influenza_A_virus_A_California_07_2009_H1N1_1	Influenza A virus (A/California/07/2009(H1N1))	GCF_001343785.1		A/California/07/2009	H1N1	1	2280	Homo sapiens	2955291	1394064
NC_026431.1	Influenza_A_virus_A_California_07_2009_H1N1_7	Influenza A virus (A/California/07/2009(H1N1))	GCF_001343785.1		A/California/07/2009	H1N1	7	982	Homo sapiens	2955291	1394064
NC_026432.1	Influenza_A_virus_A_California_07_2009_H1N1_8	Influenza A virus (A/California/07/2009(H1N1))	GCF_001343785.1		A/California/07/2009	H1N1	8	863	Homo sapiens	2955291	1394064
NC_026437.1	Influenza_A_virus_A_California_07_2009_H1N1_3	Influenza A virus (A/California/07/2009(H1N1))	GCF_001343785.1		A/California/07/2009	H1N1	3	2151	Homo sapiens	2955291	1394064
NC_026433.1	Influenza_A_virus_A_California_07_2009_H1N1_4	Influenza A virus (A/California/07/2009(H1N1))	GCF_001343785.1		A/California/07/2009	H1N1	4	1701	Homo sapiens	2955291	1394064
NC_026434.1	Influenza_A_virus_A_California_07_2009_H1N1_6	Influenza A virus (A/California/07/2009(H1N1))	GCF_001343785.1		A/California/07/2009	H1N1	6	1410	Homo sapiens	2955291	1394064
NC_026435.1	Influenza_A_virus_A_California_07_2009_H1N1_2	Influenza A virus (A/California/07/2009(H1N1))	GCF_001343785.1		A/California/07/2009	H1N1	2	2274	Homo sapiens	2955291	1394064
NC_026436.1	Influenza_A_virus_A_California_07_2009_H1N1_5	Influenza A virus (A/California/07/2009(H1N1))	GCF_001343785.1		A/California/07/2009	H1N1	5	1497	Homo sapiens	2955291	1394064
NC_004912.1	Influenza_A_virus_A_Hong_Kong_1073_99_H9N2_3	Influenza A virus (A/Hong Kong/1073/99(H9N2))	GCF_000851145.1	A/Hong Kong/1073/99	A/Hong Kong/1073/99		3	2225		2955291	1394064
NC_004910.1	Influenza_A_virus_A_Hong_Kong_1073_99_H9N2_1	Influenza A virus (A/Hong Kong/1073/99(H9N2))	GCF_000851145.1	A/Hong Kong/1073/99	A/Hong Kong/1073/99		1	2341		2955291	1394064
NC_004911.1	Influenza_A_virus_A_Hong_Kong_1073_99_H9N2_2	Influenza A virus (A/Hong Kong/1073/99(H9N2))	GCF_000851145.1	A/Hong Kong/1073/99	A/Hong Kong/1073/99		2	2328		2955291	1394064
NC_004909.1	Influenza_A_virus_A_Hong_Kong_1073_99_H9N2_6	Influenza A virus (A/Hong Kong/1073/99(H9N2))	GCF_000851145.1	A/Hong Kong/1073/99	A/Hong Kong/1073/99		6	1418		2955291	1394064
NC_004905.2	Influenza_A_virus_A_Hong_Kong_1073_99_H9N2_5	Influenza A virus (A/Hong Kong/1073/99(H9N2))	GCF_000851145.1		A/Hong Kong/1073/99	H9N2	5	1557		2955291	1394064
NC_004906.1	Influenza_A_virus_A_Hong_Kong_1073_99_H9N2_8	Influenza A virus (A/Hong Kong/1073/99(H9N2))	GCF_000851145.1		A/Hong Kong/1073/99	H9N2	8	890		2955291	1394064
NC_004907.1	Influenza_A_virus_A_Hong_Kong_1073_99_H9N2_7	Influenza A virus (A/Hong Kong/1073/99(H9N2))	GCF_000851145.1		A/Hong Kong/1073/99 (H9N2)		7	1025		2955291	1394064
NC_004908.1	Influenza_A_virus_A_Hong_Kong_1073_99_H9N2_4	Influenza A virus (A/Hong Kong/1073/99(H9N2))	GCF_000851145.1	A/Hong Kong/1073/99	A/Hong Kong/1073/99		4	1714		2955291	1394064
NC_007375.1	Influenza_A_virus_A_Korea_426_1968_H2N2_2	Influenza A virus (A/Korea/426/1968(H2N2))	GCF_000866645.1		A/Korea/426/1968	H2N2	2	2341		2955291	1394064
NC_007382.1	Influenza_A_virus_A_Korea_426_1968_H2N2_6	Influenza A virus (A/Korea/426/1968(H2N2))	GCF_000866645.1		A/Korea/426/1968	H2N2	6	1410	Homo sapiens	2955291	1394064
NC_007376.1	Influenza_A_virus_A_Korea_426_1968_H2N2_3	Influenza A virus (A/Korea/426/1968(H2N2))	GCF_000866645.1		A/Korea/426/1968	H2N2	3	2233		2955291	1394064
NC_007377.1	Influenza_A_virus_A_Korea_426_1968_H2N2_7	Influenza A virus (A/Korea/426/1968(H2N2))	GCF_000866645.1		A/Korea/426/1968	H2N2	7	1027		2955291	1394064
NC_007381.1	Influenza_A_virus_A_Korea_426_1968_H2N2_5	Influenza A virus (A/Korea/426/1968(H2N2))	GCF_000866645.1		A/Korea/426/1968	H2N2	5	1497	Homo sapiens	2955291	1394064
NC_007378.1	Influenza_A_virus_A_Korea_426_1968_H2N2_1	Influenza A virus (A/Korea/426/1968(H2N2))	GCF_000866645.1		A/Korea/426/1968	H2N2	1	2341		2955291	1394064
NC_007380.1	Influenza_A_virus_A_Korea_426_1968_H2N2_8	Influenza A virus (A/Korea/426/1968(H2N2))	GCF_000866645.1		A/Korea/426/1968	H2N2	8	838	Homo sapiens	2955291	1394064
NC_007374.1	Influenza_A_virus_A_Korea_426_1968_H2N2_4	Influenza A virus (A/Korea/426/1968(H2N2))	GCF_000866645.1		A/Korea/426/1968	H2N2	4	1773		2955291	1394064
NC_007371.1	Influenza_A_virus_A_New_York_392_2004_H3N2_3	Influenza A virus (A/New York/392/2004(H3N2))	GCF_000865085.1		A/New York/392/2004	H3N2	3	2233	Homo sapiens	2955291	1394064
NC_007368.1	Influenza_A_virus_A_New_York_392_2004_H3N2_6	Influenza A virus (A/New York/392/2004(H3N2))	GCF_000865085.1		A/New York/392/2004	H3N2	6	1467	Homo sapiens	2955291	1394064
NC_007367.1	Influenza_A_virus_A_New_York_392_2004_H3N2_7	Influenza A virus (A/New York/392/2004(H3N2))	GCF_000865085.1		A/New York/392/2004	H3N2	7	1027	Homo sapiens	2955291	1394064
NC_007369.1	Influenza_A_virus_A_New_York_392_2004_H3N2_5	Influenza A virus (A/New York/392/2004(H3N2))	GCF_000865085.1		A/New York/392/2004	H3N2	5	1566	Homo sapiens	2955291	1394064
NC_007366.1	Influenza_A_virus_A_New_York_392_2004_H3N2_4	Influenza A virus (A/New York/392/2004(H3N2))	GCF_000865085.1		A/New York/392/2004	H3N2	4	1762	Homo sapiens	2955291	1394064
NC_007370.1	Influenza_A_virus_A_New_York_392_2004_H3N2_8	Influenza A virus (A/New York/392/2004(H3N2))	GCF_000865085.1		A/New York/392/2004	H3N2	8	890	Homo sapiens	2955291	1394064
NC_007372.1	Influenza_A_virus_A_New_York_392_2004_H3N2_2	Influenza A virus (A/New York/392/2004(H3N2))	GCF_000865085.1		A/New York/392/2004	H3N2	2	2341	Homo sapiens	2955291	1394064
NC_007373.1	Influenza_A_virus_A_New_York_392_2004_H3N2_1	Influenza A virus (A/New York/392/2004(H3N2))	GCF_000865085.1		A/New York/392/2004	H3N2	1	2341	Homo sapiens	2955291	1394064
NC_002016.1	Influenza_A_virus_A_Puerto_Rico_8_1934_H1N1_7	Influenza A virus (A/Puerto Rico/8/1934(H1N1))	GCF_000865725.1		A/Puerto Rico/8/1934	H1N1	7	1027		2955291	1394064
NC_002018.1	Influenza_A_virus_A_Puerto_Rico_8_1934_H1N1_6	Influenza A virus (A/Puerto Rico/8/1934(H1N1))	GCF_000865725.1		A/Puerto Rico/8/1934(H1N1)		6	1413		2955291	1394064
NC_002017.1	Influenza_A_virus_A_Puerto_Rico_8_1934_H1N1_4	Influenza A virus (A/Puerto Rico/8/1934(H1N1))	GCF_000865725.1		A/Puerto Rico/8/1934	H1N1	4	1778		2955291	1394064
NC_002022.1	Influenza_A_virus_A_Puerto_Rico_8_1934_H1N1_3	Influenza A virus (A/Puerto Rico/8/1934(H1N1))	GCF_000865725.1		A/Puerto Rico/8/1934	H1N1	3	2233		2955291	1394064
NC_002023.1	Influenza_A_virus_A_Puerto_Rico_8_1934_H1N1_1	Influenza A virus (A/Puerto Rico/8/1934(H1N1))	GCF_000865725.1		A/Puerto Rico/8/1934	H1N1	1	2341		2955291	1394064
NC_002019.1	Influenza_A_virus_A_Puerto_Rico_8_1934_H1N1_5	Influenza A virus (A/Puerto Rico/8/1934(H1N1))	GCF_000865725.1		A/Puerto Rico/8/1934(H1N1)		5	1565		2955291	1394064
NC_002020.1	Influenza_A_virus_A_Puerto_Rico_8_1934_H1N1_8	Influenza A virus (A/Puerto Rico/8/1934(H1N1))	GCF_000865725.1		A/Puerto Rico/8/1934	H1N1	8	890		2955291	1394064
NC_002021.1	Influenza_A_virus_A_Puerto_Rico_8_1934_H1N1_2	Influenza A virus (A/Puerto Rico/8/1934(H1N1))	GCF_000865725.1		A/Puerto Rico/8/1934		2	2341		2955291	1394064
NC_026428.1	Influenza_A_virus_A_Shanghai_02_2013_H7N9_8	Influenza A virus (A/Shanghai/02/2013(H7N9))	GCF_000928555.1		A/Shanghai/02/2013	H7N9	8	841	Homo sapiens	2955291	1394064
NC_026429.1	Influenza_A_virus_A_Shanghai_02_2013_H7N9_6	Influenza A virus (A/Shanghai/02/2013(H7N9))	GCF_000928555.1		A/Shanghai/02/2013	H7N9	6	1398	Homo sapiens	2955291	1394064
NC_026426.1	Influenza_A_virus_A_Shanghai_02_2013_H7N9_5	Influenza A virus (A/Shanghai/02/2013(H7N9))	GCF_000928555.1		A/Shanghai/02/2013	H7N9	5	1506	Homo sapiens	2955291	1394064
NC_026424.1	Influenza_A_virus_A_Shanghai_02_2013_H7N9_3	Influenza A virus (A/Shanghai/02/2013(H7N9))	GCF_000928555.1		A/Shanghai/02/2013	H7N9	3	2176	Homo sapiens	2955291	1394064
NC_026423.1	Influenza_A_virus_A_Shanghai_02_2013_H7N9_2	Influenza A virus (A/Shanghai/02/2013(H7N9))	GCF_000928555.1		A/Shanghai/02/2013	H7N9	2	2297	Homo sapiens	2955291	1394064
NC_026427.1	Influenza_A_virus_A_Shanghai_02_2013_H7N9_7	Influenza A virus (A/Shanghai/02/2013(H7N9))	GCF_000928555.1		A/Shanghai/02/2013	H7N9	7	985	Homo sapiens	2955291	1394064
NC_026422.1	Influenza_A_virus_A_Shanghai_02_2013_H7N9_1	Influenza A virus (A/Shanghai/02/2013(H7N9))	GCF_000928555.1		A/Shanghai/02/2013	H7N9	1	2280	Homo sapiens	2955291	1394064
NC_026425.1	Influenza_A_virus_A_Shanghai_02_2013_H7N9_4	Influenza A virus (A/Shanghai/02/2013(H7N9))	GCF_000928555.1		A/Shanghai/02/2013	H7N9	4	1708	Homo sapiens	2955291	1394064
NC_007362.1	Influenza_A_virus_A_goose_Guangdong_1_1996_H5N1_4	Influenza A virus (A/goose/Guangdong/1/1996(H5N1))	GCF_000864105.1		A/goose/Guangdong/1/1996	H5N1	4	1760		2955291	1394064
NC_007363.1	Influenza_A_virus_A_goose_Guangdong_1_1996_H5N1_7	Influenza A virus (A/goose/Guangdong/1/1996(H5N1))	GCF_000864105.1		A/goose/Guangdong/1/1996	H5N1	7	1027		2955291	1394064
NC_007364.1	Influenza_A_virus_A_goose_Guangdong_1_1996_H5N1_8	Influenza A virus (A/goose/Guangdong/1/1996(H5N1))	GCF_000864105.1		A/goose/Guangdong/1/1996	H5N1	8	865		2955291	1394064
NC_007360.1	Influenza_A_virus_A_goose_Guangdong_1_1996_H5N1_5	Influenza A virus (A/goose/Guangdong/1/1996(H5N1))	GCF_000864105.1	A/Goose/Guangdong/1/96(H5N1)	A/Goose/Guangdong/1/96(H5N1)		5	1565		2955291	1394064
NC_007361.1	Influenza_A_virus_A_goose_Guangdong_1_1996_H5N1_6	Influenza A virus (A/goose/Guangdong/1/1996(H5N1))	GCF_000864105.1	A/Goose/Guangdong/1/96(H5N1)	A/Goose/Guangdong/1/96(H5N1)		6	1458		2955291	1394064
NC_007357.1	Influenza_A_virus_A_goose_Guangdong_1_1996_H5N1_1	Influenza A virus (A/goose/Guangdong/1/1996(H5N1))	GCF_000864105.1	A/Goose/Guangdong/1/96(H5N1)	A/Goose/Guangdong/1/96(H5N1)		1	2341		2955291	1394064
NC_007359.1	Influenza_A_virus_A_goose_Guangdong_1_1996_H5N1_3	Influenza A virus (A/goose/Guangdong/1/1996(H5N1))	GCF_000864105.1	A/goose/Guangdong/1/1996	A/goose/Guangdong/1/1996	H5N1	3	2233	Anatidae	2955291	1394064
NC_007358.1	Influenza_A_virus_A_goose_Guangdong_1_1996_H5N1_2	Influenza A virus (A/goose/Guangdong/1/1996(H5N1))	GCF_000864105.1		A/goose/Guangdong/1/1996	H5N1	2	2341	Anatidae	2955291	1394064
NC_001802.1	Human_immunodeficiency_virus_1	Human immunodeficiency virus 1	GCF_000864765.1					9181	Homo sapiens	3418650	1190887
NC_038882.1	Hepatitis_C_virus_isolate_H77	Hepatitis C virus (isolate H77)	GCF_002820805.1		H77			9599		3052230	276449
NC_004102.1	Hepatitis_C_virus_genotype_1	Hepatitis C virus genotype 1	GCF_000861845.1	H77		1a		9646		3052230	276449
NC_009823.1	Hepatitis_C_virus_genotype_2	Hepatitis C virus genotype 2	GCF_000871165.1		HC-J6CH			9711		3052230	276449
NC_009824.1	Hepatitis_C_virus_genotype_3	Hepatitis C virus genotype 3	GCF_000874285.1	NZL1				9456	Homo sapiens	3052230	276449
NC_009825.1	Hepatitis_C_virus_genotype_4	Hepatitis C virus genotype 4	GCF_000874265.1	ED43				9355	Homo sapiens	3052230	276449
NC_009827.1	Hepatitis_C_virus_genotype_6	Hepatitis C virus genotype 6	GCF_000872025.1	Th580				9628		3052230	276449
NC_002206.1	Influenza_B_virus_B_Lee_1940_3	Influenza B virus (B/Lee/1940)	GCF_000820495.2		B/Lee/1940		3	2204		2955465	180875
NC_002205.1	Influenza_B_virus_B_Lee_1940_2	Influenza B virus (B/Lee/1940)	GCF_000820495.2		B/Lee/1940		2	2313		2955465	180875
NC_002204.1	Influenza_B_virus_B_Lee_1940_1	Influenza B virus (B/Lee/1940)	GCF_000820495.2	B/Lee/1940	B/Lee/1940		1	2368		2955465	180875
NC_002210.1	Influenza_B_virus_B_Lee_1940_7	Influenza B virus (B/Lee/1940)	GCF_000820495.2		B/Lee/1940		7	1191		2955465	180875
NC_002208.1	Influenza_B_virus_B_Lee_1940_5	Influenza B virus (B/Lee/1940)	GCF_000820495.2		B/Lee/1940		5	1841		2955465	180875
NC_002211.1	Influenza_B_virus_B_Lee_1940_8	Influenza B virus (B/Lee/1940)	GCF_000820495.2		B/Lee/1940		8	1096		2955465	180875
NC_002207.1	Influenza_B_virus_B_Lee_1940_4	Influenza B virus (B/Lee/1940)	GCF_000820495.2		B/Lee/40		4	1882		2955465	180875
NC_002209.1	Influenza_B_virus_B_Lee_1940_6	Influenza B virus (B/Lee/1940)	GCF_000820495.2		B/Lee/1940		6	1557		2955465	180875
NC_003977.2	Hepatitis_B_virus	Hepatitis B virus	GCF_000861825.2		ayw			3182		3431302	136187
NC_011508.2	Rotavirus_A_3	Rotavirus A	GCF_000880735.1	RVA/Simian-tc/ZAF/SA11-H96/1958/G3P5B[2]	RVA/Simian-tc/ZAF/SA11-H96/1958/G3P5B[2]	G3	3	2591		3432193	128784
NC_011502.2	Rotavirus_A_8	Rotavirus A	GCF_000880735.1	RVA/Simian-tc/ZAF/SA11-H96/1958/G3P5B[2]	RVA/Simian-tc/ZAF/SA11-H96/1958/G3P5B[2]	G3	8	1059		3432193	128784
NC_011505.2	Rotavirus_A_11	Rotavirus A	GCF_000880735.1	RVA/Simian-tc/ZAF/SA11-H96/1958/G3P5B[2]	RVA/Simian-tc/ZAF/SA11-H96/1958/G3P5B[2]	G3	11	667		3432193	128784
NC_011509.2	Rotavirus_A_6	Rotavirus A	GCF_000880735.1	RVA/Simian-tc/ZAF/SA11-H96/1958/G3P5B[2]	RVA/Simian-tc/ZAF/SA11-H96/1958/G3P5B[2]	G3	6	1356		3432193	128784
NC_011510.2	Rotavirus_A_4	Rotavirus A	GCF_000880735.1	RVA/Simian-tc/ZAF/SA11-H96/1958/G3P5B[2]	RVA/Simian-tc/ZAF/SA11-H96/1958/G3P5B[2]	G3	4	2362		3432193	128784
NC_011507.2	Rotavirus_A_1	Rotavirus A	GCF_000880735.1	RVA/Simian-tc/ZAF/SA11-H96/1958/G3P5B[2]	RVA/Simian-tc/ZAF/SA11-H96/1958/G3P5B[2]	G3	1	3302		3432193	128784
NC_011504.2	Rotavirus_A_10	Rotavirus A	GCF_000880735.1	RVA/Simian-tc/ZAF/SA11-H96/1958/G3P5B[2]	RVA/Simian-tc/ZAF/SA11-H96/1958/G3P5B[2]	G3	10	751		3432193	128784
NC_011503.2	Rotavirus_A_9	Rotavirus A	GCF_000880735.1	RVA/Simian-tc/ZAF/SA11-H96/1958/G3P5B[2]	RVA/Simian-tc/ZAF/SA11-H96/1958/G3P5B[2]	G3	9	1062		3432193	128784
NC_011506.2	Rotavirus_A_2	Rotavirus A	GCF_000880735.1	RVA/Simian-tc/ZAF/SA11-H96/1958/G3P5B[2]	RVA/Simian-tc/ZAF/SA11-H96/1958/G3P5B[2]	G3	2	2693		3432193	128784
NC_011501.2	Rotavirus_A_7	Rotavirus A	GCF_000880735.1	RVA/Simian-tc/ZAF/SA11-H96/1958/G3P5B[2]	RVA/Simian-tc/ZAF/SA11-H96/1958/G3P5B[2]	G3	7	1105		3432193	128784
NC_044853.1	Norovirus_GI_Hu_JP_1998_GI_6_PNA4_No20_Saitama_98_17	Norovirus GI	GCF_008703965.1		Hu/JP/1998/GI.6[PNA4]/No20-Saitama-98-17			7677	Homo sapiens	3431196	63009
NC_044856.1	Norovirus_GI_Hu_BD_2011_GI_7_PNA2_Dhaka1882	Norovirus GI	GCF_008704025.1		Hu/BD/2011/GI.7[PNA2]/Dhaka1882			7734	Homo sapiens	3431196	63009
NC_039897.1	Norovirus_GI_Hu_JP_2007_GI_P3_GI_3_Shimizu_KK2866	Norovirus GI/Hu/JP/2007/GI.P3_GI.3/Shimizu/KK2866	GCF_003813225.1	Shimizu/KK2866				7745	Homo sapiens	3431196	63009
NC_039477.1	Norovirus_GII_NORO_226_06_01_2016	Norovirus GII	GCF_003638685.1	NORO_226_06_01_2016				7567	Homo sapiens	3431196	63009
NC_040876.1	Norovirus_GII_NORO_176_1_17_12_2015	Norovirus GII	GCF_004193815.1	NORO_176-1_17_12_2015				7521	Homo sapiens	3431196	63009
NC_039475.1	Norovirus_GII_17	Norovirus GII.17	GCF_003638645.1		Hu/GII.P17_GII.17/KR/2015/CAU-267			7556	Homo sapiens	3431196	63009
NC_039476.1	Norovirus_GII_2	Norovirus GII.2	GCF_003638665.1	BJSMQ				7536		3431196	63009
NC_044045.1	Norovirus_GII_Hu_JP_2007_GII_P15_GII_15_Sapporo_HK299	Norovirus GII/Hu/JP/2007/GII.P15_GII.15/Sapporo/HK299	GCF_007608995.1	Sapporo/HK299				7551	Homo sapiens	3431196	63009
NC_044046.1	Norovirus_GII_Hu_JP_2011_GII_Yuzawa_Gira2HS	Norovirus GII/Hu/JP/2011/GII/Yuzawa/Gira2HS	GCF_007609035.1	Yuzawa/Gira2HS				7543	Homo sapiens	3431196	63009
NC_008311.1	Norovirus_GV	Norovirus GV	GCF_000868425.1	Mu/NoV/GV/MNV1/2002/USA				7382		3431196	63009
NC_029646.1	Norwalk_like_virus	Norwalk-like virus	GCF_001595695.1		Hu/Norovirus/hiroshima/1999/JP(9912-02F)			7518		3431196	63009
NC_031324.1	Primate_norovirus	Primate norovirus	GCF_001755385.1		SimianNoV-nj			7753		3431196	63009
NC_001781.1	Human_orthopneumovirus_B1	Human orthopneumovirus	GCF_000855545.1		B1			15225		3049954	59101
NC_038235.1	Human_orthopneumovirus_NC_038235_1	Human orthopneumovirus	GCF_002815475.1					15222		3049954	59101
NC_001803.1	Human_respiratory_syncytial_virus_A	Human respiratory syncytial virus A	GCF_000856445.1		S2 ts1C			15191		3049954	59101
NC_001477.1	dengue_virus_type_1	dengue virus type 1	GCF_000862125.1					10735		3052464	53911
NC_001474.2	dengue_virus_type_2	dengue virus type 2	GCF_000871845.1		16681			10723		3052464	53911
NC_001475.2	dengue_virus_type_3	dengue virus type 3	GCF_000866625.1	D3/H/IMTSSA-SRI/2000/1266				10707		3052464	53911
NC_002640.1	dengue_virus_type_4	dengue virus type 4	GCF_000865065.1					10649		3052464	53911
NC_001961.1	Porcine_reproductive_and_respiratory_syndrome_virus	Porcine reproductive and respiratory syndrome virus	GCF_000862745.1					15428		2499685	49689
NC_038291.1	Porcine_reproductive_and_respiratory_syndrome_virus_2	Porcine reproductive and respiratory syndrome virus 2	GCF_002816115.1		ATCC VR-2332			15411	Sus scrofa	2499685	49689
NC_038306.1	Coxsackievirus_A2	Coxsackievirus A2	GCF_002816655.1	CA2	Fleetwood			7398		3428500	47778
NC_001612.1	Enterovirus_A	Enterovirus A	GCF_000861905.1					7413		3428500	47778
NC_030454.1	enterovirus_A114	enterovirus A114	GCF_001684625.1	V13-0285	V13-0285	EV-A114		7317	Homo sapiens	3428500	47778
NC_038307.1	Coxsackievirus_B3	Coxsackievirus B3	GCF_002816685.1					7399	Homo sapiens	3428502	32791
NC_001472.1	Enterovirus_B	Enterovirus B	GCF_000861325.1					7389		3428502	32791
NC_001542.1	Lyssavirus_rabies	Lyssavirus rabies	GCF_000859625.1					11932		11292	32086
NC_001461.1	Bovine_viral_diarrhea_virus_1	Bovine viral diarrhea virus 1	GCF_000861245.1		NADL			12573		3052619	25419
NC_076029.1	Bovine_viral_diarrhea_virus_1_SD1	Bovine viral diarrhea virus 1-SD1	GCF_013088505.1					12308		3052619	25419
NC_001498.1	Measles_morbillivirus	Measles morbillivirus	GCF_000854845.1		Ichinose-B95a			15894		3052345	24784
NC_001563.2	West_Nile_virus_956	West Nile virus	GCF_000861085.1		956			10962		3048448	24399
NC_009942.1	West_Nile_virus_385_99	West Nile virus	GCF_000875385.1	385-99	NY99			11029		3048448	24399
NC_001526.4	Human_papillomavirus_16	Human papillomavirus 16	GCF_000863945.2					7906		337041	22862
NC_048214.1	Duck_coronavirus	Duck coronavirus	GCF_012271565.1	DK/GD/27/2014				27754	Anatidae	3433766	19153
NC_001451.1	Infectious_bronchitis_virus_Beaudette	Infectious bronchitis virus	GCF_000862965.1		Beaudette			27608		3433766	19153
NC_048213.1	Infectious_bronchitis_virus_Ind_TN92_03	Infectious bronchitis virus	GCF_012271575.1	Ind-TN92-03				27464	Gallus gallus	3433766	19153
NC_010800.1	Turkey_coronavirus	Turkey coronavirus	GCF_000880055.1	MG10				27657	Meleagris gallopavo	3433766	19153
NC_039223.1	Avian_orthoavulavirus_1_JSD0812	Avian orthoavulavirus 1	GCF_002834085.1	JSD0812				15192	Anas platyrhynchos	3051375	16948
NC_075404.1	Avian_orthoavulavirus_1_chicken_N_Ireland_Ulster_67	Avian orthoavulavirus 1	GCF_004786615.1	chicken/N. Ireland/Ulster/67				15186		3051375	16948
NC_039210.1	Foot_and_mouth_disease_virus_O	Foot-and-mouth disease virus O	GCF_002816555.1	o6pirbright iso58	O6	O		8201		3426401	16298
NC_001434.1	Hepatitis_E_virus	Hepatitis E virus	GCF_000861105.1		Xinjiang			7176		291484	16232
NC_001659.2	African_swine_fever_virus_BA71V	African swine fever virus	GCF_000858485.1	BA71V	BA71V			170101		3426474	16067
NC_044941.1	African_swine_fever_virus_L60	African swine fever virus	GCF_003032865.1	L60	L60			182362	Sus scrofa domesticus	3426474	16067
NC_044942.1	African_swine_fever_virus_BA71	African swine fever virus	GCF_003032875.1	BA71	BA71			180365	Sus scrofa	3426474	16067
NC_044943.1	African_swine_fever_virus_NHV	African swine fever virus	GCF_003032885.1	NHV	NHV			172051	Sus scrofa domesticus	3426474	16067
NC_044944.1	African_swine_fever_virus_Kenya_1950	African swine fever virus	GCF_003032895.1	Kenya 1950				193886	Sus scrofa domesticus	3426474	16067
NC_044945.1	African_swine_fever_virus_Ken05_Tk1	African swine fever virus	GCF_003032905.1	Ken05/Tk1	Ken05/Tk1			191058		3426474	16067
NC_044946.1	African_swine_fever_virus_Ken06_Bus	African swine fever virus	GCF_003032915.1	Ken06.Bus	Ken06.Bus			184368		3426474	16067
NC_044947.1	African_swine_fever_virus_26544_OG10	African swine fever virus	GCF_003032925.1	26544/OG10				182906	Sus scrofa	3426474	16067
NC_044948.1	African_swine_fever_virus_Odintsovo_02_14	African swine fever virus	GCF_003032935.1	Odintsovo_02/14				189333	Sus scrofa	3426474	16067
NC_044949.1	African_swine_fever_virus_Warthog	African swine fever virus	GCF_003032945.1	Warthog				186528	Phacochoerus africanus	3426474	16067
NC_044950.1	African_swine_fever_virus_Warmbaths	African swine fever virus	GCF_003032955.1	Warmbaths				190773	Ixodoidea	3426474	16067
NC_044951.1	African_swine_fever_virus_Tengani_62	African swine fever virus	GCF_003032965.1	Tengani 62				185689		3426474	16067
NC_044952.1	African_swine_fever_virus_Pretorisuskop_96_4	African swine fever virus	GCF_003032975.1	Pretorisuskop/96/4				190324	Ornithodoros porcinus porcinus	3426474	16067
NC_044953.1	African_swine_fever_virus_Mkuzi_1979	African swine fever virus	GCF_003032985.1	Mkuzi 1979				192714	Ornithodoros	3426474	16067
NC_044954.1	African_swine_fever_virus_Malawi_Lil_20_1_1983	African swine fever virus	GCF_003032995.1	Malawi Lil-20/1 (1983)				187612	Ornithodoros	3426474	16067
NC_044955.1	African_swine_fever_virus_47_Ss_2008	African swine fever virus	GCF_003033005.1	47/Ss/2008				184638	Sus scrofa domesticus	3426474	16067
NC_044959.2	African_swine_fever_virus_ASFV_Georgia_2007_1	African swine fever virus	GCF_003047755.2	ASFV Georgia 2007/1				190584	Sus scrofa	3426474	16067
NC_044956.1	African_swine_fever_virus_Benin_97_1	African swine fever virus Benin 97/1	GCF_003047675.1	Benin 97/1				182284		3426474	16067
NC_044958.1	African_swine_fever_virus_E75	African swine fever virus E75	GCF_003047715.1		E75			181187		3426474	16067
NC_044957.1	African_swine_fever_virus_OURT_88_3	African swine fever virus OURT 88/3	GCF_003047695.1	OURT 88/3				171719		3426474	16067
NC_002058.3	Enterovirus_C	Enterovirus C	GCF_000861165.1	Human poliovirus 1 Mahoney	Human poliovirus 1 Mahoney			7440		3428505	15938
NC_002200.1	Mumps_orthorubulavirus	Mumps orthorubulavirus	GCF_000856685.1		Miyahara			15384		3052560	14594
NC_039199.1	Human_metapneumovirus	Human metapneumovirus	GCF_002815375.1	00-1				13350		3048148	13063
NC_006023.1	Bluetongue_virus_1	Bluetongue virus	GCF_000854445.3			10	1	3944		3431240	12842
NC_006014.1	Bluetongue_virus_3	Bluetongue virus	GCF_000854445.3				3	2772		3431240	12842
NC_006015.1	Bluetongue_virus_10	Bluetongue virus	GCF_000854445.3				10	822		3431240	12842
NC_006010.1	Bluetongue_virus_6	Bluetongue virus	GCF_000854445.3			10	6	1638		3431240	12842
NC_006007.1	Bluetongue_virus_8	Bluetongue virus	GCF_000854445.3			10	8	1125		3431240	12842
NC_006025.1	Bluetongue_virus_5	Bluetongue virus	GCF_000854445.3			10	5	1769		3431240	12842
NC_006022.1	Bluetongue_virus_7	Bluetongue virus	GCF_000854445.3	serotype 10	serotype 10		7	1156		3431240	12842
NC_006008.2	Bluetongue_virus_9	Bluetongue virus	GCF_000854445.3			10	9	1049		3431240	12842
NC_006024.2	Bluetongue_virus_4	Bluetongue virus	GCF_000854445.3			10	4	1980		3431240	12842
NC_007605.1	Human_gammaherpesvirus_4	Human gammaherpesvirus 4	GCF_002402265.1		B95-8			171823	Homo sapiens	3050299	12689
NC_009334.1	Human_herpesvirus_4_type_2	Human herpesvirus 4 type 2	GCF_000872045.1		AG876			172764	Homo sapiens	3050299	12689
NC_005148.1	Porcine_circovirus_2_AUT1	Porcine circovirus 2	GCF_000862765.1	AUT1				1768		3048279	12431
NC_006232.1	Porcine_circovirus_2_JX0301	Porcine circovirus 2	GCF_002819625.1		JX0301			1767	Sus scrofa	3048279	12431
NC_038311.1	rhinovirus_A1	rhinovirus A1	GCF_002816835.1		ATCC VR-1559			7137		3428501	12241
NC_074955.1	Paslahepevirus_balayani_NC_074955_1	Paslahepevirus balayani	GCF_002826225.1					7207		1678143	11595
NC_076565.1	Paslahepevirus_balayani_AlgSwe2012	Paslahepevirus balayani	GCF_023120075.1	AlgSwe2012				7002	Alces alces	1678143	11595
NC_076592.1	Paslahepevirus_balayani_little_egret_kocsag02_2014_HUN	Paslahepevirus balayani	GCF_023120345.1	little egret/kocsag02/2014/HUN				6660	Egretta garzetta	1678143	11595
NC_001489.1	Hepatovirus_A	Hepatovirus A	GCF_000860505.1					7478		3407641	11470
NC_006273.2	Human_betaherpesvirus_5	Human betaherpesvirus 5	GCF_000845245.1		Merlin			235646	Homo sapiens	3050295	11459
NC_015783.1	Torque_teno_virus_TTV_HD14a_gbDhDi33_32	Torque teno virus	GCF_000893775.1	TTV-HD14a (gbDhDi33.32)				3725		68887	11246
NC_076168.1	Torque_teno_virus_Human_Japan_KS025_2016	Torque teno virus	GCF_018580895.1		Human/Japan/KS025/2016			2810	Homo sapiens	68887	11246
NC_003310.1	Monkeypox_virus_Ia	Monkeypox virus	GCF_000857045.1		Zaire-96-I-16	Ia		196858	Homo sapiens	3431483	10762
NC_063383.1	Monkeypox_virus_IIb	Monkeypox virus	GCF_014621545.1	MPXV-M5312_HM12_Rivers		IIb		197209	Homo sapiens	3431483	10762
NC_001539.1	Canine_parvovirus	Canine parvovirus	GCF_000848925.1		CPV-N			5323		3052707	10670
NC_001806.2	Human_alphaherpesvirus_1	Human alphaherpesvirus 1	GCF_000859985.1		17			152222		3050292	10640
NC_001436.1	Human_T_cell_leukemia_virus_type_I	Human T-cell leukemia virus type I	GCF_000863585.1					8507		3428212	9893
NC_000858.1	Primate_T_lymphotropic_virus_1	Primate T-lymphotropic virus 1	GCF_000861125.1	Tan90				9028		3428212	9893
NC_018138.1	SFTS_virus_HB29_M	SFTS virus HB29	GCF_000897355.1		HB29		M	3378	Homo sapiens	2748958	9485
NC_018137.1	SFTS_virus_HB29_S	SFTS virus HB29	GCF_000897355.1		HB29		S	1744	Homo sapiens	2748958	9485
NC_018136.1	SFTS_virus_HB29_L	SFTS virus HB29	GCF_000897355.1		HB29		L	6368	Homo sapiens	2748958	9485
NC_043450.1	Severe_fever_with_thrombocytopenia_syndrome_virus_L	Severe fever with thrombocytopenia syndrome virus	GCF_003087855.1		HNXH		L	6255	Homo sapiens	2748958	9485
NC_043451.1	Severe_fever_with_thrombocytopenia_syndrome_virus_M	Severe fever with thrombocytopenia syndrome virus	GCF_003087855.1		HNXH		M	3336	Homo sapiens	2748958	9485
NC_043452.1	Severe_fever_with_thrombocytopenia_syndrome_virus_S	Severe fever with thrombocytopenia syndrome virus	GCF_003087855.1		HNXH		S	1681	Homo sapiens	2748958	9485
NC_001798.2	Human_alphaherpesvirus_2	Human alphaherpesvirus 2	GCF_000858385.1		HG52			154675	Homo sapiens	3050293	8900
NC_004162.2	Chikungunya_virus	Chikungunya virus	GCF_000854045.1		S27-African prototype			11826		3426298	8766
NC_003436.1	Porcine_epidemic_diarrhea_virus	Porcine epidemic diarrhea virus	GCF_000848685.1	CV777	CV777			28033		3433789	8565
NC_038878.1	Human_rhinovirus_NAT001	Human rhinovirus NAT001	GCF_002816885.1	NAT001				6944		3428504	8431
NC_004179.1	Infectious_bursal_disease_virus_UK661_B	Infectious bursal disease virus	GCF_000855485.1	UK661	Very virulent strain		B	2715	Gallus gallus	3048151	8182
NC_004178.1	Infectious_bursal_disease_virus_UK661_A	Infectious bursal disease virus	GCF_000855485.1	UK661	Very virulent strain		A	3183	Gallus gallus	3048151	8182
NC_077770.1	Infectious_bursal_disease_virus_1977_from_Schobries_et_al_1977_B	Infectious bursal disease virus	GCF_003971645.1	1977 from Schobries et al (1977)	P2		B	2827		3048151	8182
NC_077769.1	Infectious_bursal_disease_virus_1977_from_Schobries_et_al_1977_A	Infectious bursal disease virus	GCF_003971645.1	1977, from Schobries et al (1977)	P2		A	3261		3048151	8182
NC_001661.1	Citrus_tristeza_virus	Citrus tristeza virus	GCF_000862265.1					19296		3428013	7645
NC_001722.1	Human_immunodeficiency_virus_2	Human immunodeficiency virus 2	GCF_000856385.1	BEN				10359	Homo sapiens	3418651	7606
NC_038308.1	enterovirus_D68	enterovirus D68	GCF_002816725.1		Fermon			7367		3428506	7467
NC_003636.1	Peach_latent_mosaic_viroid	Peach latent mosaic viroid	GCF_000850605.1					337		3431559	7263
NC_038319.1	Human_parechovirus_1	Human parechovirus 1	GCF_002817305.1					7339		3431395	7163
NC_001897.1	Parechovirus_A	Parechovirus A	GCF_000861505.1	Gregory	Gregory	2		7348		3431395	7163
AC_000019.1	Human_adenovirus_35	Human adenovirus 35	GCF_000857885.1			35		34794		3241406	6742
AC_000018.1	Human_adenovirus_7	Human adenovirus 7	GCF_000859485.1			7		35514		3241406	6742
NC_011202.1	Human_mastadenovirus_B_Human_adenovirus_11	Human mastadenovirus B	GCF_000857085.1	Slobitski	Slobitski	Human adenovirus 11		34794	Homo sapiens	3241406	6742
NC_011203.1	Human_mastadenovirus_B_Human_adenovirus_3	Human mastadenovirus B	GCF_000880515.1	GB	GB	Human adenovirus 3		35343	Homo sapiens	3241406	6742
AC_000010.1	Simian_adenovirus_21	Simian adenovirus 21	GCF_000847245.1			Simian adenovirus 21		35524		3241406	6742
NC_002306.3	Feline_infectious_peritonitis_virus	Feline infectious peritonitis virus	GCF_000856025.1	79-1146		2		29355		3433814	6529
NC_028806.1	Swine_enteric_coronavirus	Swine enteric coronavirus	GCF_001501415.1		Italy/213306/2009			28111	Sus scrofa	3433814	6529
NC_038861.1	Transmissible_gastroenteritis_virus	Transmissible gastroenteritis virus	GCF_002985995.1	PUR46-MAD	Purdue			28586	Sus scrofa	3433814	6529
NC_004830.2	Deformed_wing_virus	Deformed wing virus	GCF_000852585.1					10140	Apis mellifera	3047792	6018
NC_006494.1	Varroa_destructor_virus_1	Varroa destructor virus 1	GCF_000856945.1					10112	Varroa destructor	3047792	6018
AC_000017.1	Human_adenovirus_1	Human adenovirus 1	GCF_000858645.1			1		36001		3241411	5960
AC_000007.1	Human_adenovirus_2	Human adenovirus 2	GCF_000859465.1			Human adenovirus type 2		35937		3241411	5960
AC_000008.1	Human_adenovirus_5	Human adenovirus 5	GCF_000857865.1			Human adenovirus type 5		35938		3241411	5960
NC_001405.1	Human_mastadenovirus_C	Human mastadenovirus C	GCF_000845085.1			Human adenovirus 2		35937	Homo sapiens	3241411	5960
NC_001699.1	JC_polyomavirus	JC polyomavirus	GCF_000863805.1		Mad1			5130		1891763	5927
NC_015126.1	Avian_orthoreovirus_AVS_B_L1	Avian orthoreovirus	GCF_000891595.1	AVS-B	AVS-B		L1	3958		3431493	5869
NC_015135.1	Avian_orthoreovirus_AVS_B_S4	Avian orthoreovirus	GCF_000891595.1	AVS-B	AVS-B		S4	1192		3431493	5869
NC_015127.1	Avian_orthoreovirus_AVS_B_L2	Avian orthoreovirus	GCF_000891595.1	AVS-B	AVS-B		L2	3829		3431493	5869
NC_015128.1	Avian_orthoreovirus_AVS_B_L3	Avian orthoreovirus	GCF_000891595.1	AVS-B	AVS-B		L3	3907		3431493	5869
NC_015133.1	Avian_orthoreovirus_AVS_B_S2	Avian orthoreovirus	GCF_000891595.1	AVS-B	AVS-B		S2	1324		3431493	5869
NC_015134.1	Avian_orthoreovirus_AVS_B_S3	Avian orthoreovirus	GCF_000891595.1	AVS-B	AVS-B		S3	1202		3431493	5869
NC_015129.1	Avian_orthoreovirus_AVS_B_M1	Avian orthoreovirus	GCF_000891595.1	AVS-B	AVS-B		M1	2283		3431493	5869
NC_015130.1	Avian_orthoreovirus_AVS_B_M2	Avian orthoreovirus	GCF_000891595.1	AVS-B	AVS-B		M2	2158		3431493	5869
NC_015131.1	Avian_orthoreovirus_AVS_B_M3	Avian orthoreovirus	GCF_000891595.1	AVS-B	AVS-B		M3	1996		3431493	5869
NC_077759.1	Avian_orthoreovirus_Pycno_1_S1	Avian orthoreovirus	GCF_003092915.1		Pycno-1		S1	1637	Hypsipetes amaurotis	3431493	5869
NC_077751.1	Avian_orthoreovirus_Pycno_1_M3	Avian orthoreovirus	GCF_003092915.1		Pycno-1		M3	2039	Hypsipetes amaurotis	3431493	5869
NC_077756.1	Avian_orthoreovirus_Pycno_1_L3	Avian orthoreovirus	GCF_003092915.1		Pycno-1		L3	3903	Hypsipetes amaurotis	3431493	5869
NC_002051.1	Orthotospovirus_tomatomaculae_S	Orthotospovirus tomatomaculae	GCF_000854725.1	CPNH9			S	2916		3052585	5676
NC_002050.1	Orthotospovirus_tomatomaculae_M	Orthotospovirus tomatomaculae	GCF_000854725.1				M	4821		3052585	5676
NC_002052.1	Orthotospovirus_tomatomaculae_L	Orthotospovirus tomatomaculae	GCF_000854725.1		BR-01 (CNPH1)		L	8897		3052585	5676
NC_006554.1	Sapovirus_C12	Sapovirus C12	GCF_000855765.1		C12			7476		3432266	5658
NC_006269.1	Sapovirus_Hu_Dresden_pJG_Sap01_DE	Sapovirus Hu/Dresden/pJG-Sap01/DE	GCF_000854265.1		Hu/Dresden/pJG-Sap01/DE			7429		3432266	5658
NC_075724.1	Sapovirus_Hu_GI_Sapporo_MT_2010_1982	Sapovirus Hu/GI/Sapporo/MT-2010/1982	GCF_008792745.1		Hu/GI/Sapporo/MT-2010/1982			7433	Homo sapiens	3432266	5658
NC_010624.1	Sapovirus_Mc10	Sapovirus Mc10	GCF_000853825.1		Mc10			7458		3432266	5658
NC_007570.1	Rotavirus_C_5	Rotavirus C	GCF_000864225.1	4077-89	Bristol		5	1353		3432203	5622
NC_007545.1	Rotavirus_C_9	Rotavirus C	GCF_000864225.1	Bristol	Bristol		9	1037		3432203	5622
NC_007547.1	Rotavirus_C_1	Rotavirus C	GCF_000864225.1	Bristol	Bristol		1	3309		3432203	5622
NC_007571.1	Rotavirus_C_8	Rotavirus C	GCF_000864225.1	Bristol			8	1063		3432203	5622
NC_007543.1	Rotavirus_C_6	Rotavirus C	GCF_000864225.1	Bristol	Bristol		6	1350		3432203	5622
NC_007546.1	Rotavirus_C_2	Rotavirus C	GCF_000864225.1	Bristol	Bristol		2	2736		3432203	5622
NC_007574.1	Rotavirus_C_4	Rotavirus C	GCF_000864225.1	Bristol	Bristol		4	2166		3432203	5622
NC_001710.1	GB_virus_C	GB virus C	GCF_000862005.1					9392		3052608	5518
NC_038272.1	Bovine_respiratory_syncytial_virus_ATCC51908	Bovine respiratory syncytial virus ATCC51908	GCF_002815455.1		ATCC 51908			15140		3050248	5236
NC_001989.1	bovine_respiratory_syncytial_virus	bovine respiratory syncytial virus	GCF_000849305.1		ATue51908			15140		3050248	5236
NC_005301.3	Orthonairovirus_haemorrhagiae_L	Orthonairovirus haemorrhagiae	GCF_000854165.1		IbAr10200		L	12108		3052518	5079
NC_005302.1	Orthonairovirus_haemorrhagiae_S	Orthonairovirus haemorrhagiae	GCF_000854165.1		10200		S	1672		3052518	5079
NC_005300.2	Orthonairovirus_haemorrhagiae_M	Orthonairovirus haemorrhagiae	GCF_000854165.1		IbAr10200		M	5366	Hyalomma excavatum	3052518	5079
NC_009333.1	Human_gammaherpesvirus_8	Human gammaherpesvirus 8	GCF_000838265.1		GK18			137969	Homo sapiens	3050300	5041
NC_006213.1	Human_coronavirus_OC43	Human coronavirus OC43	GCF_003972325.1		ATCC VR-759	OC43		30741		3433757	4975
NC_001616.1	Potato_virus_Y	Potato virus Y	GCF_000862905.1					9704		3240642	4658
NC_040671.1	Adeno_associated_virus	Adeno-associated virus	GCF_004129875.1	MHH-05-2015				4857	Cairina moschata	272636	4601
NC_036469.1	Piscine_orthoreovirus_M1	Piscine orthoreovirus	GCF_002829625.1	CGA280-05			M1	2383	Salmo salar	3431498	4499
NC_036471.1	Piscine_orthoreovirus_M3	Piscine orthoreovirus	GCF_002829625.1	CGA280-05			M3	2403	Salmo salar	3431498	4499
NC_036470.1	Piscine_orthoreovirus_M2	Piscine orthoreovirus	GCF_002829625.1	CGA280-05			M2	2179	Salmo salar	3431498	4499
NC_036473.1	Piscine_orthoreovirus_S2	Piscine orthoreovirus	GCF_002829625.1	CGA280-05			S2	1329	Salmo salar	3431498	4499
NC_036468.1	Piscine_orthoreovirus_L2	Piscine orthoreovirus	GCF_002829625.1	CGA280-05			L2	3934	Salmo salar	3431498	4499
NC_036474.1	Piscine_orthoreovirus_S3	Piscine orthoreovirus	GCF_002829625.1	CGA280-05			S3	1141	Salmo salar	3431498	4499
NC_036472.1	Piscine_orthoreovirus_S1	Piscine orthoreovirus	GCF_002829625.1	CGA280-05			S1	1081	Salmo salar	3431498	4499
NC_036477.1	Piscine_orthoreovirus_L3	Piscine orthoreovirus	GCF_002829625.1	CGA280-05			L3	3916	Salmo salar	3431498	4499
NC_036476.1	Piscine_orthoreovirus_L1	Piscine orthoreovirus	GCF_002829625.1	CGA280-05			L1	3911	Salmo salar	3431498	4499
NC_036475.1	Piscine_orthoreovirus_S4	Piscine orthoreovirus	GCF_002829625.1	CGA280-05			S4	1040	Salmo salar	3431498	4499
NC_001538.1	Betapolyomavirus_hominis	Betapolyomavirus hominis	GCF_000837865.1					5153		1891762	4471
NC_002657.1	Classical_swine_fever_virus	Classical swine fever virus	GCF_000864685.1		strain Eystrup			12301		3052625	4366
NC_038912.1	Classical_swine_fever_virus_Alfort_187	Classical swine fever virus - Alfort/187	GCF_003034095.1		Alfort/187			12298		3052625	4366
NC_001653.2	Hepatitis_delta_virus_NC_001653_2	Hepatitis delta virus	GCF_000856565.1					1682		2844074	4223
NC_076106.1	Hepatitis_delta_virus_dFr2072	Hepatitis delta virus	GCF_018547915.1	dFr2072	dFr2072			1681		2844074	4223
NC_076107.1	Hepatitis_delta_virus_dFr2005	Hepatitis delta virus	GCF_018547925.1	dFr2005	dFr2005			1687		2844074	4223
NC_076108.1	Hepatitis_delta_virus_dFr2158	Hepatitis delta virus	GCF_018547935.1	dFr2158	dFr2158			1674		2844074	4223
NC_076110.1	Hepatitis_delta_virus_NC_076110_1	Hepatitis delta virus	GCF_018547955.1					1687		2844074	4223
NC_059681.1	hepatitis_D_virus_1	hepatitis D virus 1	GCF_018547865.1		TW2667			1676		2844074	4223
NC_001545.2	Rubella_virus_F_Therien	Rubella virus	GCF_000863025.1		F-Therien			9762		2846071	4189
NC_076948.1	Rubella_virus_RVi_Bismarck_ND_USA_23_08_2B	Rubella virus	GCF_024749945.1		RVi/Bismarck.ND.USA/23.08/2B			9761	Homo sapiens	2846071	4189
NC_001414.1	Bovine_leukemia_virus	Bovine leukemia virus	GCF_000853665.1					8419		3428211	4180
NC_000883.2	Human_parvovirus_B19	Human parvovirus B19	GCF_000839645.1	J35				5596		3052189	4123
NC_001357.1	human_papillomavirus_18	human papillomavirus 18	GCF_000865665.1					7857		337042	4009
NC_001437.1	Japanese_encephalitis_virus	Japanese encephalitis virus	GCF_000862145.1					10976		3048158	3931
NC_001796.2	Human_respirovirus_3_NC_001796_2	Human respirovirus 3	GCF_000850205.1					15462		3049953	3890
NC_075446.1	Human_respirovirus_3_Guangzhou	Human respirovirus 3	GCF_006298365.1	Guangzhou	ZHYMgz01			15462		3049953	3890
NC_038270.1	Simian_Agent_10	Simian Agent 10	GCF_002815255.1					15462	Cercopithecus mitis	3049953	3890
NC_002549.1	Zaire_ebolavirus	Zaire ebolavirus	GCF_000848505.1	Ebola virus/H.sapiens-tc/COD/1976/Yambuku-Mayinga				18959		3052462	3884
NC_001921.1	canine_distemper_virus	canine distemper virus	GCF_000854065.1	Onderstpoort				15690		3052342	3865
NC_001454.1	Human_mastadenovirus_F	Human mastadenovirus F	GCF_000846685.1	Dugan	Dugan	Human adenovirus 40		34214	Homo sapiens	3241426	3509
NC_001672.1	Tick_borne_encephalitis_virus	Tick-borne encephalitis virus	GCF_000863125.1					11141	Mus musculus	3052465	3500
NC_006016.1	Orbivirus_alphaequi_8	Orbivirus alphaequi	GCF_000856125.1		serotype 9		8	1166		40050	3236
NC_006009.1	Orbivirus_alphaequi_10	Orbivirus alphaequi	GCF_000856125.1			3	10	758		40050	3236
NC_006011.1	Orbivirus_alphaequi_7	Orbivirus alphaequi	GCF_000856125.1			4	7	1179		40050	3236
NC_006012.1	Orbivirus_alphaequi_4	Orbivirus alphaequi	GCF_000856125.1			4	4	1978		40050	3236
NC_006017.1	Orbivirus_alphaequi_3	Orbivirus alphaequi	GCF_000856125.1				3	2792		40050	3236
NC_006021.1	Orbivirus_alphaequi_1	Orbivirus alphaequi	GCF_000856125.1			9	1	3965		40050	3236
NC_006020.1	Orbivirus_alphaequi_5	Orbivirus alphaequi	GCF_000856125.1			6	5	1748		40050	3236
NC_004005.1	Tomato_yellow_leaf_curl_virus	Tomato yellow leaf curl virus	GCF_000858205.1	Almeria				2781	Capsicum annuum	3426741	3149
NC_012959.1	Human_adenovirus_54	Human adenovirus 54	GCF_000885675.1	Kobe-H	Kobe-H			34920		3241420	3136
AC_000006.1	Human_mastadenovirus_D_Human_adenovirus_type_17	Human mastadenovirus D	GCF_000858625.1			Human adenovirus type 17		35100		3241420	3136
NC_055058.1	Leviviridae_sp_AVE007	Leviviridae sp.	GCF_014131365.1	AVE007				3580	Macaca mulatta	2027243	3093
NC_074553.1	Leviviridae_sp_AVE006	Leviviridae sp.	GCF_018580575.1	AVE006				3609	Macaca mulatta	2027243	3093
NC_005777.1	Oropouche_virus_S	Oropouche virus	GCF_000853785.1				S	754		3052429	2989
NC_005776.1	Oropouche_virus_L	Oropouche virus	GCF_000853785.1				L	6846		3052429	2989
NC_005775.1	Oropouche_virus_M	Oropouche virus	GCF_000853785.1		BeAn19991		M	4385		3052429	2989
NC_002030.1	Potato_spindle_tuber_viroid	Potato spindle tuber viroid	GCF_000856265.1					359		3431858	2967
NC_001445.1	Plum_pox_virus	Plum pox virus	GCF_000862085.1	PPV-NAT				9741		3240600	2878
NC_031753.1	Porcine_circovirus_3	Porcine circovirus 3	GCF_001866935.1		29160			2000	Sus scrofa	3048280	2836
NC_004297.1	Mammarenavirus_lassaense_L	Mammarenavirus lassaense	GCF_000851705.1		Josiah		L	7279		3052310	2811
NC_001355.1	Human_papillomavirus_type_6b	Human papillomavirus type 6b	GCF_000861945.1		type 6b (HPV6b)			7902		333754	2721
NC_030922.1	Mamastrovirus_1	Mamastrovirus 1	GCF_001736695.1	V1347				6673		3430629	2708
NC_001543.1	Rabbit_hemorrhagic_disease_virus	Rabbit hemorrhagic disease virus	GCF_000861285.1	FRG	FRG			7437		3430318	2704
NC_012532.1	Zika_virus_MR_766	Zika virus	GCF_000882815.1		MR 766			10794	Simiiformes	3048459	2680
NC_035889.1	Zika_virus_Natal_RGN	Zika virus	GCF_002366285.1		Natal RGN			10808	Homo sapiens	3048459	2680
NC_006306.2	Influenza_C_virus_C_Ann_Arbor_1_50_7	Influenza C virus (C/Ann Arbor/1/50)	GCF_000856665.2	C/Ann Arbor/1/50			7	935		2955935	2643
NC_006312.2	Influenza_C_virus_C_Ann_Arbor_1_50_6	Influenza C virus (C/Ann Arbor/1/50)	GCF_000856665.2		C/Ann Arbor/1/50		6	1180		2955935	2643
NC_006308.2	Influenza_C_virus_C_Ann_Arbor_1_50_2	Influenza C virus (C/Ann Arbor/1/50)	GCF_000856665.2		C/Ann Arbor/1/50		2	2363		2955935	2643
NC_006309.2	Influenza_C_virus_C_Ann_Arbor_1_50_3	Influenza C virus (C/Ann Arbor/1/50)	GCF_000856665.2		C/Ann Arbor/1/50		3	2183		2955935	2643
NC_006311.1	Influenza_C_virus_C_Ann_Arbor_1_50_5	Influenza C virus (C/Ann Arbor/1/50)	GCF_000856665.2		C/Ann Arbor/1/50		5	1807		2955935	2643
NC_006307.2	Influenza_C_virus_C_Ann_Arbor_1_50_1	Influenza C virus (C/Ann Arbor/1/50)	GCF_000856665.2		C/Ann Arbor/1/50		1	2365		2955935	2643
NC_006310.2	Influenza_C_virus_C_Ann_Arbor_1_50_4	Influenza C virus (C/Ann Arbor/1/50)	GCF_000856665.2		C/Ann Arbor/1/50		4	2073		2955935	2643
NC_006499.1	Isavirus_salaris_6	Isavirus salaris	GCF_000854145.1	CCBB			6	1323		55987	2619
NC_006502.1	Isavirus_salaris_3	Isavirus salaris	GCF_000854145.1	CCBB			3	2046		55987	2619
NC_006501.1	Isavirus_salaris_4	Isavirus salaris	GCF_000854145.1	CCBB			4	1787		55987	2619
NC_006500.2	Isavirus_salaris_5	Isavirus salaris	GCF_000854145.1	CCBB			5	1474		55987	2619
NC_006151.1	Suid_alphaherpesvirus_1_Composite_of_6_strains	Suid alphaherpesvirus 1	GCF_000843825.1		Composite of 6 strains			143461	Sus scrofa	3050355	2511
NC_075689.1	Suid_alphaherpesvirus_1_Kaplan	Suid alphaherpesvirus 1	GCF_008791805.1		Kaplan			140377	Sus scrofa	3050355	2511
NC_013225.1	Mammalian_orthoreovirus_3_L1	Mammalian orthoreovirus 3	GCF_000924315.1	MPC/04		3	L1	3804	Paguma larvata	3422298	2502
NC_013234.1	Mammalian_orthoreovirus_3_S4	Mammalian orthoreovirus 3	GCF_000924315.1	MPC/04		3	S4	1098	Paguma larvata	3422298	2502
NC_013231.1	Mammalian_orthoreovirus_3_S1	Mammalian orthoreovirus 3	GCF_000924315.1	MPC/04		3	S1	1368	Paguma larvata	3422298	2502
NC_013230.1	Mammalian_orthoreovirus_3_M3	Mammalian orthoreovirus 3	GCF_000924315.1	MPC/04		3	M3	2241	Paguma larvata	3422298	2502
NC_013232.1	Mammalian_orthoreovirus_3_S2	Mammalian orthoreovirus 3	GCF_000924315.1	MPC/04		3	S2	1331	Paguma larvata	3422298	2502
NC_013228.1	Mammalian_orthoreovirus_3_M2	Mammalian orthoreovirus 3	GCF_000924315.1	MPC/04		3	M2	2127	Paguma larvata	3422298	2502
NC_013233.1	Mammalian_orthoreovirus_3_S3	Mammalian orthoreovirus 3	GCF_000924315.1	MPC/04		3	S3	1198	Paguma larvata	3422298	2502
NC_013227.1	Mammalian_orthoreovirus_3_M1	Mammalian orthoreovirus 3	GCF_000924315.1	MPC/04		3	M1	2251	Paguma larvata	3422298	2502
NC_013226.1	Mammalian_orthoreovirus_3_L2	Mammalian orthoreovirus 3	GCF_000924315.1	MPC/04		3	L2	3870	Paguma larvata	3422298	2502
NC_013229.1	Mammalian_orthoreovirus_3_L3	Mammalian orthoreovirus 3	GCF_000924315.1	MPC/04		3	L3	3888	Paguma larvata	3422298	2502
NC_077838.1	Mammalian_orthoreovirus_3_Dearing_S4	Mammalian orthoreovirus 3 Dearing	GCF_006298385.1	Dearing	T3D	3	S4	1196	Homo sapiens	3422298	2502
NC_077839.1	Mammalian_orthoreovirus_3_Dearing_L1	Mammalian orthoreovirus 3 Dearing	GCF_006298385.1	Dearing	T3D	3	L1	3860	Homo sapiens	3422298	2502
NC_077845.1	Mammalian_orthoreovirus_3_Dearing_M3	Mammalian orthoreovirus 3 Dearing	GCF_006298385.1	Dearing	T3D	3	M3	2241	Homo sapiens	3422298	2502
NC_077844.1	Mammalian_orthoreovirus_3_Dearing_S1	Mammalian orthoreovirus 3 Dearing	GCF_006298385.1	Dearing	T3D	3	S1	1416	Homo sapiens	3422298	2502
NC_077837.1	Mammalian_orthoreovirus_3_Dearing_S3	Mammalian orthoreovirus 3 Dearing	GCF_006298385.1	Dearing	T3D	3	S3	1198	Homo sapiens	3422298	2502
NC_077846.1	Mammalian_orthoreovirus_3_Dearing_S2	Mammalian orthoreovirus 3 Dearing	GCF_006298385.1	Dearing	T3D	3	S2	1331	Homo sapiens	3422298	2502
NC_077840.1	Mammalian_orthoreovirus_3_Dearing_L2	Mammalian orthoreovirus 3 Dearing	GCF_006298385.1	Dearing	T3D	3	L2	3916	Homo sapiens	3422298	2502
NC_077841.1	Mammalian_orthoreovirus_3_Dearing_M1	Mammalian orthoreovirus 3 Dearing	GCF_006298385.1	Dearing	T3D	3	M1	2304	Homo sapiens	3422298	2502
NC_077843.1	Mammalian_orthoreovirus_3_Dearing_M2	Mammalian orthoreovirus 3 Dearing	GCF_006298385.1	Dearing	T3D	3	M2	2207	Homo sapiens	3422298	2502
NC_077842.1	Mammalian_orthoreovirus_3_Dearing_L3	Mammalian orthoreovirus 3 Dearing	GCF_006298385.1	Dearing	T3D	3	L3	3901	Homo sapiens	3422298	2502
NC_002509.2	Turnip_mosaic_virus	Turnip mosaic virus	GCF_000863465.1					9835		3240607	2437
NC_004611.1	Tomato_leaf_curl_New_Delhi_virus_DNA_A	Tomato leaf curl New Delhi virus	GCF_000842925.1	Severe	Severe		DNA A	2739	Solanum lycopersicum	3426993	2415
NC_003027.1	Lumpy_skin_disease_virus_NI_2490	Lumpy skin disease virus NI-2490	GCF_000839805.1	Neethling 2490				150773		3427718	2412
NC_006383.2	Peste_des_petits_ruminants_virus	Peste des petits ruminants virus	GCF_000866445.1	Turkey 2000				15948	Ovis aries	3052343	2374
NC_002077.1	Adeno_associated_virus_1	Adeno-associated virus - 1	GCF_000863065.1					4718		1511891	2354
NC_001729.1	Adeno_associated_virus_3	Adeno-associated virus - 3	GCF_000841585.1		3H			4726		1511891	2354
NC_001829.1	Adeno_associated_virus_4	Adeno-associated virus - 4	GCF_000836885.1	ATCC VR-646				4767		1511891	2354
NC_006260.1	Adeno_associated_virus_7	Adeno-associated virus - 7	GCF_000845645.1					4721	Macaca mulatta	1511891	2354
NC_006261.1	Adeno_associated_virus_8	Adeno-associated virus - 8	GCF_000846525.1					4393	Macaca mulatta	1511891	2354
NC_001401.2	adeno_associated_virus_2	adeno-associated virus 2	GCF_000838645.1					4679		1511891	2354
NC_066642.1	Horsepox_virus	Horsepox virus	GCF_006449675.1	MNR-76				212633	Equus caballus	10245	2349
NC_006998.1	Orthopoxvirus_vaccinia	Orthopoxvirus vaccinia	GCF_000860085.1	WR (Western Reserve)	WR (Western Reserve)			194711		10245	2349
NC_001348.1	Human_alphaherpesvirus_3	Human alphaherpesvirus 3	GCF_000858285.1		Dumas			124884	Homo sapiens	3050294	2339
NC_001490.1	rhinovirus_B14	rhinovirus B14	GCF_000861265.1					7212		3428503	2338
NC_038312.1	rhinovirus_B3	rhinovirus B3	GCF_002816855.1			3		7208		3428503	2338
NC_002031.1	Yellow_fever_virus	Yellow fever virus	GCF_000857725.1		17D vaccine strain			10862		3046277	2318
NC_005218.1	Orthohantavirus_hantanense_NC_005218_1	Orthohantavirus hantanense	GCF_000856085.1					1696		3052480	2276
NC_005222.1	Orthohantavirus_hantanense_L	Orthohantavirus hantanense	GCF_000856085.1		76-118		L	6533		3052480	2276
NC_005219.1	Orthohantavirus_hantanense_NC_005219_1	Orthohantavirus hantanense	GCF_000856085.1					3616		3052480	2276
NC_043487.1	Lelystad_virus	Lelystad virus	GCF_003971765.1					15111		3411021	2248
NC_001427.1	Chicken_anemia_virus	Chicken anemia virus	GCF_000864805.1					2319		3047743	2236
NC_005236.1	Orthohantavirus_seoulense_S	Orthohantavirus seoulense	GCF_000855645.1		80-39		S	1769	Rattus norvegicus	3052498	2205
NC_005237.1	Orthohantavirus_seoulense_M	Orthohantavirus seoulense	GCF_000855645.1		80-39		M	3651		3052498	2205
NC_005238.1	Orthohantavirus_seoulense_L	Orthohantavirus seoulense	GCF_000855645.1		80-39		L	6530		3052498	2205
NC_001948.1	Grapevine_rupestris_stem_pitting_associated_virus	Grapevine rupestris stem pitting-associated virus	GCF_000860125.1					8744		3428812	2188
NC_004667.1	Grapevine_leafroll_associated_virus_3	Grapevine leafroll-associated virus 3	GCF_000851885.1	NY1	NY1			17919		3426349	2174
NC_002229.3	Gallid_alphaherpesvirus_2	Gallid alphaherpesvirus 2	GCF_000846265.1		Md5			177874	Gallus gallus	3050287	2165
NC_076852.1	Cressdnaviricota_sp_UJSL012	Cressdnaviricota sp.	GCF_023141935.1	UJSL012				2191	Paguma larvata	2748378	2104
NC_001785.1	Papaya_ringspot_virus	Papaya ringspot virus	GCF_000862045.1					10326		3240577	2083
NC_001481.2	Feline_calicivirus_Urbana	Feline calicivirus	GCF_000853345.1	Urbana	Urbana			7683		3433199	1999
NC_075569.1	Feline_calicivirus_NC_075569_1	Feline calicivirus	GCF_008767155.1					7690		3433199	1999
NC_013396.1	Epizootic_hemorrhagic_disease_virus_serotype_1_strain_New_Jersey_1	Epizootic hemorrhagic disease virus (serotype 1 / strain New Jersey)	GCF_000885335.1	USA1955/01	New Jersey	1	1	3942		3431252	1973
NC_013400.1	Epizootic_hemorrhagic_disease_virus_serotype_1_strain_New_Jersey_5	Epizootic hemorrhagic disease virus (serotype 1 / strain New Jersey)	GCF_000885335.1	USA1955/01	New Jersey	1	5	1803		3431252	1973
NC_013399.1	Epizootic_hemorrhagic_disease_virus_serotype_1_strain_New_Jersey_4	Epizootic hemorrhagic disease virus (serotype 1 / strain New Jersey)	GCF_000885335.1	USA1955/01	New Jersey	1	4	1983		3431252	1973
NC_013404.1	Epizootic_hemorrhagic_disease_virus_serotype_1_strain_New_Jersey_9	Epizootic hemorrhagic disease virus (serotype 1 / strain New Jersey)	GCF_000885335.1	USA1955/01	New Jersey	1	9	1143		3431252	1973
NC_013398.1	Epizootic_hemorrhagic_disease_virus_serotype_1_strain_New_Jersey_3	Epizootic hemorrhagic disease virus (serotype 1 / strain New Jersey)	GCF_000885335.1	USA1955/01	New Jersey	1	3	2768		3431252	1973
NC_013402.1	Epizootic_hemorrhagic_disease_virus_serotype_1_strain_New_Jersey_7	Epizootic hemorrhagic disease virus (serotype 1 / strain New Jersey)	GCF_000885335.1	USA1955/01	New Jersey	1	7	1162		3431252	1973
NC_001944.1	Beak_and_feather_disease_virus	Beak and feather disease virus	GCF_000843965.1					1993		3047561	1960
NC_000855.1	Viral_hemorrhagic_septicemia_virus_Fil3	Viral hemorrhagic septicemia virus Fil3	GCF_000856505.1		Fil3			11158		1980916	1939
NC_014397.1	Rift_Valley_fever_virus_L	Rift Valley fever virus	GCF_000847345.1		ZH-548		L	6404		3052676	1936
NC_014396.1	Rift_Valley_fever_virus_M	Rift Valley fever virus	GCF_000847345.1		ZH-548		M	3885	Homo sapiens	3052676	1936
NC_014395.1	Rift_Valley_fever_virus_S	Rift Valley fever virus	GCF_000847345.1		ZH-548		S	1690	Homo sapiens	3052676	1936
NC_001662.1	Aleutian_mink_disease_virus	Aleutian mink disease virus	GCF_000838725.1		ADV-G			4801		3051624	1915
NC_036620.1	Influenza_D_virus_D_swine_Oklahoma_1334_2011_6	Influenza D virus (D/swine/Oklahoma/1334/2011)	GCF_002867775.1		D/swine/Oklahoma/1334/2011		6	1219	Sus scrofa	2955744	1802
NC_036617.1	Influenza_D_virus_D_swine_Oklahoma_1334_2011_5	Influenza D virus (D/swine/Oklahoma/1334/2011)	GCF_002867775.1		D/swine/Oklahoma/1334/2011		5	1775	Sus scrofa	2955744	1802
NC_036615.1	Influenza_D_virus_D_swine_Oklahoma_1334_2011_2	Influenza D virus (D/swine/Oklahoma/1334/2011)	GCF_002867775.1		D/swine/Oklahoma/1334/2011		2	2330	Sus scrofa	2955744	1802
NC_036619.1	Influenza_D_virus_D_swine_Oklahoma_1334_2011_3	Influenza D virus (D/swine/Oklahoma/1334/2011)	GCF_002867775.1		D/swine/Oklahoma/1334/2011		3	2195	Sus scrofa	2955744	1802
NC_036616.1	Influenza_D_virus_D_swine_Oklahoma_1334_2011_1	Influenza D virus (D/swine/Oklahoma/1334/2011)	GCF_002867775.1		D/swine/Oklahoma/1334/2011		1	2364	Sus scrofa	2955744	1802
NC_036618.1	Influenza_D_virus_D_swine_Oklahoma_1334_2011_4	Influenza D virus (D/swine/Oklahoma/1334/2011)	GCF_002867775.1		D/swine/Oklahoma/1334/2011		4	2049	Sus scrofa	2955744	1802
NC_036621.1	Influenza_D_virus_D_swine_Oklahoma_1334_2011_7	Influenza D virus (D/swine/Oklahoma/1334/2011)	GCF_002867775.1		D/swine/Oklahoma/1334/2011		7	868	Sus scrofa	2955744	1802
NC_038294.1	Betacoronavirus_England_1	Betacoronavirus England 1	GCF_002816195.1	H123990006	England 1			30111	Homo sapiens	3433633	1782
NC_019843.3	Middle_East_respiratory_syndrome_related_coronavirus	Middle East respiratory syndrome-related coronavirus	GCF_000901155.1	HCoV-EMC/2012	HCoV-EMC			30119	Homo sapiens	3433633	1782
NC_015116.1	Avian_leukemia_virus	Avian leukemia virus	GCF_000891575.1	SCDY1				7489	Gallus gallus	3426267	1781
NC_001408.1	Avian_leukosis_virus_RSA	Avian leukosis virus - RSA	GCF_000849845.1					7286		3426267	1781
NC_003398.1	Sugarcane_mosaic_virus	Sugarcane mosaic virus	GCF_000854025.1					9596	Zea mays	3240610	1716
NC_007455.1	Bocaparvovirus_primate1_st2	Bocaparvovirus primate1	GCF_000866725.1	st2				5299		3052040	1703
NC_075120.1	Bocaparvovirus_primate1_Salvador1	Bocaparvovirus primate1	GCF_003033285.1	Salvador1				5543	Homo sapiens	3052040	1703
NC_014358.1	Bocavirus_gorilla_GBoV1_2009	Bocavirus gorilla/GBoV1/2009	GCF_000889135.1	GBoV1				4944	Gorilla gorilla	3052040	1703
NC_012564.1	Human_bocavirus_3	Human bocavirus 3	GCF_000882855.1		W471			5242	Homo sapiens	3052040	1703
NC_001491.2	Equid_alphaherpesvirus_1	Equid alphaherpesvirus 1	GCF_000844025.1		Ab4			150224	Equus caballus	3050276	1700
NC_006623.1	Gallid_alphaherpesvirus_1_Composite_of_6_strains	Gallid alphaherpesvirus 1	GCF_000847005.1		Composite of 6 strains			148687	Gallus gallus	3050286	1629
NC_075683.1	Gallid_alphaherpesvirus_1_SA2	Gallid alphaherpesvirus 1	GCF_008787145.1		SA2			152975	Gallus gallus	3050286	1629
NC_003224.1	Zucchini_yellow_mosaic_virus	Zucchini yellow mosaic virus	GCF_000861645.1	TW-TN3				9591	Luffa aegyptiaca	3240514	1622
NC_001915.1	Infectious_pancreatic_necrosis_virus_A	Infectious pancreatic necrosis virus	GCF_000856525.1		Jasper		A	3097		3048153	1615
NC_001916.1	Infectious_pancreatic_necrosis_virus_B	Infectious pancreatic necrosis virus	GCF_000856525.1		Jasper serotype		B	2784		3048153	1615
NC_027054.1	Porcine_kobuvirus	Porcine kobuvirus	GCF_001008455.1	JS-02a-CHN/2014/China				8121	Sus scrofa	1298633	1583
NC_016769.1	Porcine_kobuvirus_SH_W_CHN_2010_China	Porcine kobuvirus SH-W-CHN/2010/China	GCF_000895935.1	SH-W-CHN/2010/China				8210	Sus scrofa	1298633	1583
NC_011829.1	Porcine_kobuvirus_swine_S_1_HUN_2007_Hungary	Porcine kobuvirus swine/S-1-HUN/2007/Hungary	GCF_000881035.1		swine/S-1-HUN/2007/Hungary			8210	Sus scrofa	1298633	1583
NC_006262.1	Watermelon_mosaic_virus	Watermelon mosaic virus	GCF_000856625.1		WMV-Fr			10035		3240504	1538
NC_001351.1	Hop_stunt_viroid	Hop stunt viroid	GCF_000847785.1					302		3429801	1519
NC_004067.1	Pepino_mosaic_virus	Pepino mosaic virus	GCF_000856965.1	Sp-13				6450	Solanum lycopersicum	3433856	1508
NC_006551.1	Usutu_virus	Usutu virus	GCF_000854945.1		Vienna 2001			11066		3048443	1507
NC_015782.2	Grapevine_Pinot_gris_virus	Grapevine Pinot gris virus	GCF_000894735.1					7259	Vitis vinifera	3432991	1488
NC_075974.1	Picornavirales_sp_RtRn_PicoV_YN2014	Picornavirales sp.	GCF_013086155.1	RtRn-PicoV/YN2014				8422	Rodentia	1955153	1466
NC_075975.1	Picornavirales_sp_RtCb_PicoV_HeB2014	Picornavirales sp.	GCF_013086165.1	RtCb-PicoV/HeB2014				8315	Rodentia	1955153	1466
NC_075978.1	Picornavirales_sp_RtNn_PicoV_HuB2015_1	Picornavirales sp.	GCF_013086195.1	RtNn-PicoV/HuB2015-1				8013	Rodentia	1955153	1466
NC_001593.1	Human_papillomavirus_type_53	Human papillomavirus type 53	GCF_000865685.1					7856		337050	1449
NC_038889.1	human_papillomavirus_30	human papillomavirus 30	GCF_002987345.1					7852		337050	1449
NC_003899.1	Eastern_equine_encephalitis_virus	Eastern equine encephalitis virus	GCF_000862705.1	ssp. North American variant	ssp. North American variant			11675		3426299	1430
NC_075280.1	Picornaviridae_sp	Picornaviridae sp.	GCF_003389975.1	yc-1				7443	Grus japonensis	1530251	1372
NC_005831.2	Human_coronavirus_NL63	Human coronavirus NL63	GCF_000853865.1		Amsterdam I			27553		3433809	1324
NC_003461.1	Human_respirovirus_1	Human respirovirus 1	GCF_000848705.1		Washington 1964			15600		3049952	1289
NC_001575.2	Rice_yellow_mottle_virus	Rice yellow mottle virus	GCF_000863085.1	CI4				4449		3432506	1275
NC_001749.2	Capillovirus_mali	Capillovirus mali	GCF_000859505.1					6495		28347	1218
NC_002361.1	Columbid_circovirus	Columbid circovirus	GCF_000843885.1					2037	Columbidae	3050342	1166
NC_003729.1	Rice_black_streaked_dwarf_virus_1	Rice black streaked dwarf virus	GCF_000852945.1				1	4501	Oryza sativa	3428768	1149
NC_003736.1	Rice_black_streaked_dwarf_virus_5	Rice black streaked dwarf virus	GCF_000852945.1				5	3164	Oryza sativa	3428768	1149
NC_003732.1	Rice_black_streaked_dwarf_virus_8	Rice black streaked dwarf virus	GCF_000852945.1				8	1936	Oryza sativa	3428768	1149
NC_003733.1	Rice_black_streaked_dwarf_virus_10	Rice black streaked dwarf virus	GCF_000852945.1				10	1801	Oryza sativa	3428768	1149
NC_001346.2	Maize_streak_virus_A_Ama	Maize streak virus - A[Ama]	GCF_000847105.2	MSV-Ama	MSV-A			2689		3430734	1142
NC_075135.1	Maize_streak_virus_A_South_Africa	Maize streak virus - A[South Africa]	GCF_003048235.1		South African			2690		3430734	1142
NC_001409.1	Trichovirus_mali	Trichovirus mali	GCF_000848285.1					7555		12175	1138
NC_028752.1	Camel_alphacoronavirus	Camel alphacoronavirus	GCF_001500975.1	camel/Riyadh/Ry141/2015				27395	Camelus	3433756	1079
NC_002645.1	Human_coronavirus_229E	Human coronavirus 229E	GCF_000853505.1					27317		3433756	1079
NC_002532.2	Equine_arteritis_virus	Equine arteritis virus	GCF_000860865.1		Bucyrus			12704		2499620	1032
NC_003462.2	Foveavirus_mali	Foveavirus mali	GCF_000850465.1	PA66	ASPV			9332		35350	1029
NC_038815.1	Cardamom_bushy_dwarf_virus_M	Cardamom bushy dwarf virus	GCF_002867695.1				M	1083	Elettaria cardamomum	3426587	1012
NC_038813.1	Cardamom_bushy_dwarf_virus_DNA_U3	Cardamom bushy dwarf virus	GCF_002867695.1				DNA-U3	1088	Elettaria cardamomum	3426587	1012
NC_038809.1	Cardamom_bushy_dwarf_virus_NC_038809_1	Cardamom bushy dwarf virus	GCF_002867695.1					1028	Elettaria cardamomum	3426587	1012
NC_038810.1	Cardamom_bushy_dwarf_virus_NC_038810_1	Cardamom bushy dwarf virus	GCF_002867695.1					1086	Elettaria cardamomum	3426587	1012
NC_038816.1	Cardamom_bushy_dwarf_virus_NC_038816_1	Cardamom bushy dwarf virus	GCF_002867695.1					1102	Elettaria cardamomum	3426587	1012
NC_038808.1	Cardamom_bushy_dwarf_virus_NC_038808_1	Cardamom bushy dwarf virus	GCF_002867695.1					1097	Elettaria cardamomum	3426587	1012
NC_024113.1	Mogiana_tick_virus_SY84_1	Mogiana tick virus	GCF_000919875.1	SY84			1	3114	Rhipicephalus microplus	1172985	1012
NC_024114.1	Mogiana_tick_virus_SY84_3	Mogiana tick virus	GCF_000919875.1	SY84			3	2824	Rhipicephalus microplus	1172985	1012
NC_024111.1	Mogiana_tick_virus_SY84_4	Mogiana tick virus	GCF_000919875.1	SY84			4	2794	Rhipicephalus microplus	1172985	1012
NC_024112.1	Mogiana_tick_virus_SY84_2	Mogiana tick virus	GCF_000919875.1	SY84			2	2847	Rhipicephalus microplus	1172985	1012
NC_034224.1	Mogiana_tick_virus_MGTV_V4_11_4	Mogiana tick virus	GCF_002037735.1	MGTV/V4/11			4	2728	Rhipicephalus microplus	1172985	1012
NC_034222.1	Mogiana_tick_virus_MGTV_V4_11_1	Mogiana tick virus	GCF_002037735.1	MGTV/V4/11			1	2963	Rhipicephalus microplus	1172985	1012
NC_034223.1	Mogiana_tick_virus_MGTV_V4_11_3	Mogiana tick virus	GCF_002037735.1	MGTV/V4/11			3	2705	Rhipicephalus microplus	1172985	1012
NC_034225.1	Mogiana_tick_virus_MGTV_V4_11_2	Mogiana tick virus	GCF_002037735.1	MGTV/V4/11			2	2629	Rhipicephalus microplus	1172985	1012
NC_017825.1	Chimpanzee_adenovirus_Y25	Chimpanzee adenovirus Y25	GCF_000897015.1					36711	Pan troglodytes	3241425	1005
NC_003266.2	Human_mastadenovirus_E	Human mastadenovirus E	GCF_000859665.1	vaccine (CL 68578)	vaccine (CL 68578)	human adenovirus 4		35994		3241425	1005
AC_000011.1	Simian_adenovirus_25	Simian adenovirus 25	GCF_000848905.1			Simian adenovirus 25		36519		3241425	1005
